,,BCQ,BCQ,CQL,CQL,IQL,IQL,BC,BC
1,50,-15.7704084494112,-22.7458018680368,-23.0968231581483,-26.1972263788636,-18.9570025670266,-17.3457244324598,-37.2172223293281,-14.384971027429
2,100,-23.5489330332585,-19.4721341556728,-17.3211010724168,-16.4970122706895,-19.0873679753539,-20.4722148052709,-19.9513525352348,-13.4380785817509
3,150,-13.1891522413999,-17.5221421148107,-11.9126997478325,-13.6122536465328,-15.6923935033624,-13.9441166125638,-19.4796087648245,-20.4675607163874
4,200,-18.6636692823511,-13.9332026659534,-18.4419448104443,-20.4027833760974,-14.2287272402313,-15.2665645178053,-23.2046608309778,-107.765606068205
5,250,-16.4626850644411,-20.7413196950115,-17.1905310786099,-18.9279191405955,-16.9090082233262,-15.6250964238494,-33.35358975429,-23.252066094263
6,300,-13.7898791203506,-13.6063958184649,-19.2211468050075,-19.8957256876482,-17.8075490679357,-14.580116156296,-28.2781001701849,-14.8176617680646
7,350,-22.9112166175741,-24.6347178947309,-21.0000705817588,-19.1763844799798,-65.2466451810458,-19.5647101159181,-19.1086593512738,-91.0326934917255
8,400,-13.9144623003711,-21.8173325291375,-17.9300109473296,-18.5799220236774,-20.1557226690977,-21.713376941119,-52.4122745818325,-53.5610295490975
9,450,-25.9392138628179,-20.6899519776609,-22.8479015983885,-16.9010212636859,-46.2864829301979,-24.1202786291516,-43.9888151886536,-74.5475205079251
10,500,-23.0180405030777,-26.6062324425598,-15.8437223781745,-18.1698286859859,-75.2028052400325,-24.7787397620932,-62.1370309068911,-75.0815445385559
11,550,-17.9483663771963,-14.3475535755513,-19.8871072276534,-13.334593795963,-60.9276941196588,-48.9557555280294,-60.0364059971374,-71.830566955005
12,600,-29.2244965977368,-28.5211792668412,-21.2711068761056,-18.1654641332804,-61.2142807440318,-56.1216444658191,-36.129667349191,-82.173280033147
13,650,-25.2207180556339,-24.7754033263593,-13.09201448949,-14.5964798102901,-31.4480198622499,-61.8149452279571,-59.8071454579508,-80.979254504131
14,700,-24.363400023029,-26.1935072412011,-18.9475087445476,-15.3090282467694,-78.7377870354011,-63.5255687185767,-85.7749993406234,-73.7798531726787
15,750,-21.2177945496243,-29.094988489364,-15.5569964636427,-13.1069899044288,-58.4942110484768,-67.673442815684,-42.4322125708739,-79.4154553019881
16,800,-15.9972870596187,-88.5554965477034,-17.6612731992704,-17.5584677279957,-65.3707696245914,-66.2828149326721,-73.8961379155349,-52.2176464216391
17,850,-12.4867689409884,-26.306877038144,-17.0622283328776,-15.4084350007567,-72.3263210538499,-62.525865187789,-42.8837541169799,-74.0828672244965
18,900,-17.6252261465414,-17.7866246242408,-14.4711422265348,-13.4120528798616,-66.4443751506475,-69.6054998798265,-92.3229963528566,-35.1272168461282
19,950,-19.7121599604083,-21.8528330421079,-16.5012855074503,-13.6799497221675,-66.8475086974417,-71.0407252417658,-36.5350199990327,-27.0687466601469
20,1000,-16.1933496102315,-14.4421190451759,-20.4221005236288,-20.3032957511996,-63.0407730348974,-74.1071850253703,-40.6972799424901,-75.4584509832821
21,1050,-17.6710537635649,-20.0717644770994,-40.169049650224,-22.8938503906156,-45.648025371942,-67.6970241195848,-40.9880965539229,-44.6721895668536
22,1100,-17.0705385890856,-13.0455692985201,-13.0182136506717,-17.838650012884,-56.9251218344365,-74.8856835050811,-69.8367529594272,-49.3698215025181
23,1150,-110.291409423695,-17.5447270407624,-17.487837618813,-17.8552057528709,-67.7668513165079,-69.4448828289702,-49.4922066333314,-30.2079121195423
24,1200,-14.5139929843908,-16.7627345215121,-19.3548285795187,-15.8243730200486,-61.9454885955237,-69.069310845828,-52.2870091303608,-35.1614935898383
25,1250,-37.875268384475,-14.5829887093152,-53.1576343389672,-22.7358330435316,-66.6081208679694,-67.8228291232105,-44.0937879418977,-89.9190379049839
26,1300,-39.3645444401101,-14.9838473356601,-47.8681985554526,-15.6124122365688,-57.3122841625196,-40.7304950496508,-50.9955109901477,-37.1958803136928
27,1350,-18.9825212230268,-23.5778105197059,-17.1952141222373,-14.7697586899834,-70.8682618345758,-69.2394005392459,-53.9733663299771,-72.6251900849019
28,1400,-16.0848477249241,-19.6358020972437,-29.4695822660692,-19.0304804298819,-70.2307781631971,-72.2107171778082,-52.1756922481323,-46.5293922279007
29,1450,-63.9194014746387,-14.2385933341812,-59.7859325948891,-14.9572194082529,-35.6535145591336,-68.3141363395469,-54.3495799966663,-34.2425585761434
30,1500,-16.8110305723906,-16.8660217951667,-32.4385686038523,-19.5706649232663,-65.1820137037301,-64.2024411686371,-31.0131248416651,-35.4579764214712
31,1550,-65.4350669037895,-15.2830554346783,-39.7953851823157,-52.5624058747901,-61.0987523089866,-69.0791727927447,-52.7494307230005,-38.7365826930263
32,1600,-70.3209110565433,-20.3045338139943,-47.4660907733208,-18.8774805673254,-64.6569374003026,-60.0889595045402,-47.6447798219484,-67.8065753454531
33,1650,-15.8315876453617,-17.8188714879864,-57.5283927036564,-18.750105879829,-60.1508680595287,-71.0521168477085,-46.5175711285461,-39.8052420643583
34,1700,-17.4327561279408,-13.6099794806634,-24.6722817898125,-28.7005678287887,-64.1144380026336,-75.8630260380794,-82.3197160590538,-45.7071324739744
35,1750,-14.7991617125495,-12.9410181582339,-17.9989330335266,-18.753292567539,-65.4269920782718,-70.6229371042586,-37.3907458041052,-33.0163633704534
36,1800,-62.1949331324119,-12.3273904837156,-17.3061299170368,-43.7794596278468,-64.0507312432432,-63.0360992216835,-46.7229730261156,-57.0142777095406
37,1850,-17.7394317524634,-17.8350255831667,-14.0664467838315,-20.3231603238394,-62.7963455243385,-62.2346015366411,-60.9808686250149,-40.3001327022105
38,1900,-31.0488972553458,-28.9034327650741,-14.8998301329049,-16.5896731311639,-59.6017966906277,-61.3018267191363,-57.7341034931764,-29.4612805989716
39,1950,-20.8150306291336,-16.0006257425083,-16.1281664690886,-40.5614246057172,-51.1870459657165,-75.7434824768218,-40.1932243192679,-40.1005492682758
40,2000,-21.6312729789527,-19.6112437981643,-53.0432351549721,-18.5013433345084,-59.5220232532912,-60.4990236102338,-54.1366699069867,-41.7889184530782
41,2050,-18.7034636467444,-17.4545430325263,-14.0643593698376,-17.5277722307806,-66.6021991723053,-68.0850336305884,-56.0978572044399,-49.8448411591698
42,2100,-70.9995972098273,-14.4958382038798,-44.5892440979532,-19.991086263685,-59.3979923876769,-41.3689480523112,-69.7606954451179,-39.122316618462
43,2150,-34.5591337823118,-20.5908009675808,-17.4342768606996,-28.3340755159162,-59.5460496142201,-57.645363174013,-56.6403718721977,-31.8679198243867
44,2200,-20.0900361598182,-20.6532407065082,-57.7526485562065,-21.0167873255826,-61.3096641991458,-70.0678617838304,-83.5995415550368,-43.7563629340315
45,2250,-52.9039874919653,-21.4209719693591,-13.9253650279791,-19.198034520016,-58.5065664873719,-55.8698343464166,-46.772450532514,-49.955395038477
46,2300,-15.1215314520993,-15.1300177354411,-45.2917820427465,-50.7828932125652,-58.7351560591166,-60.6209889326865,-82.8542236421518,-43.0587152323567
47,2350,-22.140500296517,-18.7074519711734,-51.722466737045,-50.8186817479897,-57.8958310255901,-43.0445793709684,-45.4867739071869,-34.5022033438272
48,2400,-20.4236031140951,-23.6393604540884,-18.892301769903,-53.87802131158,-59.6217485273208,-56.8007694046318,-63.9457376107598,-36.900960593503
49,2450,-15.9356444604509,-42.0761341849174,-54.2906428569168,-36.7404506719764,-58.8403803947382,-72.0645871453235,-53.4856438253924,-34.952488258836
50,2500,-14.9754732664311,-32.8029947077531,-24.9365483611094,-22.6932989453824,-57.5266691790055,-38.901397988308,-75.7610107063713,-41.5432565592875
51,2550,-53.2050267233241,-34.3373639549451,-16.7370886741487,-21.4746048481134,-59.5649477143247,-68.2987366690488,-47.6116290757412,-41.2360050474827
52,2600,-18.3433354178475,-22.6486959846339,-16.8832690337586,-20.4590709742411,-58.3909901990163,-62.5371717347883,-68.0265439615677,-61.1630564660488
53,2650,-16.9798903552947,-32.5970630419889,-37.3852376078483,-49.2621616772842,-60.94969033505,-64.706327094379,-47.687639939972,-34.1353554613542
54,2700,-19.7902478572857,-20.2804359890713,-25.0236381539928,-56.1958711080166,-61.6728179521359,-56.988219661825,-51.6940830817866,-64.6694723595858
55,2750,-33.4561294098792,-27.5915944704708,-41.5074519226525,-31.243198326819,-54.351272931563,-64.0692527792847,-70.921424714607,-50.4222408952013
56,2800,-15.8033267339458,-58.9987566723566,-15.5159707038659,-15.6165318164319,-65.8689955517505,-63.2172889089606,-45.2777810659864,-46.5881804390263
57,2850,-43.0039401632452,-27.2552334496733,-42.0753983466703,-17.6287418887539,-59.3066430998853,-51.1884709972927,-61.6294904512228,-36.7760375332584
58,2900,-51.5699714721293,-24.1825970149278,-16.0243162916069,-47.1271102016111,-63.5235385328823,-69.9771219037742,-42.297581963317,-43.7709159818436
59,2950,-62.3446848108235,-27.5225147839468,-19.9820096150283,-22.9606443532849,-59.5279303822907,-71.2392346690713,-54.5476469296321,-66.4212657512045
60,3000,-46.0231119569527,-23.0310915347903,-16.9124090401006,-41.2844200039361,-60.6992262273352,-68.5820672875881,-49.2431138811181,-47.822544959553
61,3050,-75.5544115595592,-33.7567185167218,-17.0440312820375,-16.4286459385221,-62.568179295759,-69.8815300114405,-64.5541378662393,-42.8447541961509
62,3100,-19.8282454182443,-41.0863593079374,-24.3580070197021,-28.3229965402975,-59.1928178410893,-65.2378317558994,-58.7097842715115,-42.2084872738781
63,3150,-53.246788967738,-28.0512536299639,-16.6918144814967,-57.6245334064436,-54.4121260996239,-65.7292357298668,-52.9717922887756,-38.7164913578934
64,3200,-54.2592700821073,-34.1821226862846,-51.8412276827688,-64.0849792715399,-61.5530332227589,-65.7897960882857,-72.4162906843486,-56.9555769254838
65,3250,-36.7787901400939,-28.372745132538,-44.2954479240415,-19.614837942986,-61.5949902178863,-26.1372998989959,-115.684625088904,-36.47148376902
66,3300,-47.9153137372368,-37.8989703206178,-14.8767120865207,-25.3502244599861,-58.9104361603305,-68.1075816178447,-45.7727770630634,-48.1921925131121
67,3350,-34.5737533842265,-24.4934903713925,-26.6706019224065,-63.198556284579,-63.7890637080124,-74.625733624585,-91.9431013414683,-35.4609651688171
68,3400,-22.6757966070126,-26.5537239445424,-15.5337705617437,-53.452249351012,-60.9296030426688,-74.8662093623183,-64.3691229507288,-60.2415694389992
69,3450,-30.8254655596324,-25.3695222435841,-22.9555895911533,-40.4600809626261,-57.4808134467853,-70.3258834226296,-45.6023832650672,-55.930673182339
70,3500,-25.3743407989071,-22.604783823729,-16.7156409937816,-22.8576868297268,-58.3254843805491,-65.430157680009,-48.9962453634968,-59.9665385453261
71,3550,-19.6540956930417,-33.6339965062858,-16.5558506377412,-44.1728788209513,-54.4490755433664,-65.1686463844033,-115.272876152759,-50.1204497307421
72,3600,-71.4974929206478,-28.7572708726347,-42.9189508414375,-20.6256175454745,-57.2747467316282,-68.8809210194964,-51.5179905173394,-40.2035184138398
73,3650,-29.687600114187,-22.9688827345963,-17.5017871187079,-59.4047751823034,-58.1693444758307,-74.1636743264255,-48.3595227909953,-66.4429350053799
74,3700,-16.9435577505061,-22.6243420253488,-15.1591189894248,-46.8818935600921,-59.6442576734435,-64.4530795799467,-65.9302756816434,-58.7780719108411
75,3750,-56.6011553039977,-32.9892137666829,-48.0503087676845,-15.9965472005446,-63.1338124307824,-71.1539522268481,-50.9803091419989,-36.5125244620634
76,3800,-64.5320514915016,-32.3409194179398,-39.5428240863503,-59.7077666960547,-63.3479057060077,-64.2936500133085,-132.789056356402,-45.4284170214816
77,3850,-40.8980311918139,-42.5865728801702,-14.7402012394894,-21.7961414591366,-57.421776460583,-68.507860121183,-57.7305339690802,-43.2928589507205
78,3900,-20.7603232317908,-22.3490510140447,-14.8585630456366,-44.4413602450216,-56.7406665140162,-64.3210277783193,-56.9839621552206,-42.7648599828615
79,3950,-43.5828272734827,-26.95817941916,-16.7969039077575,-51.2063201568252,-61.9643617283682,-74.9708656613654,-53.0478066742167,-92.9659455488002
80,4000,-25.6683758824038,-29.2241692138844,-27.9874616190195,-56.5850032674524,-50.4663063465623,-37.9988177061274,-56.1435421855942,-35.5566692062167
81,4050,-61.6345896075736,-20.4714528221171,-20.2327686767724,-47.4606528826805,-59.6543649560835,-63.9280838864805,-54.0403309932993,-40.3246430722479
82,4100,-67.9705797327002,-59.5643650227075,-52.8168943667572,-54.0398395922285,-51.473000638049,-72.314326364003,-53.7214294103582,-39.3566574955922
83,4150,-21.0129579798142,-57.5212716451526,-24.2017265214606,-25.1303073770608,-37.8213475375454,-68.940436624566,-42.2051958081203,-45.9895453872694
84,4200,-15.6883443449286,-19.9718960539894,-15.3056429439139,-27.3561087526414,-64.1269942181903,-61.8343682872878,-47.775761208118,-41.0207901653168
85,4250,-12.911871529181,-31.8733053630975,-31.0161132282412,-23.3886835860538,-61.8364012198671,-48.4062877734841,-74.1869909891864,-58.861787028849
86,4300,-50.2999937390414,-22.4887710625222,-14.5848862749294,-52.4937605500712,-59.5670041303012,-59.1734217761446,-49.9094175560052,-64.4634227973383
87,4350,-47.9777346364877,-31.6529927683079,-44.5391387193392,-23.2556852316915,-66.8658208710241,-48.7882573516221,-59.7619727644372,-50.6906435971051
88,4400,-67.2204629416284,-27.3235879889004,-16.8440516137857,-35.1178895627594,-64.6977192267775,-65.1211466678159,-69.88949299456,-44.9714116001001
89,4450,-16.7704818653737,-24.0226057454178,-15.4304885921576,-53.6047329767255,-58.4495507727167,-75.7224198578537,-32.8606869733135,-56.8163871621378
90,4500,-64.9736144864811,-21.5910059749274,-16.9767883261268,-30.3548502900226,-59.4732498584667,-64.7324255523366,-60.834540916027,-56.4786207927191
91,4550,-25.7581763690009,-33.5405955986552,-21.9234422537841,-60.4942844424661,-57.3684419663879,-73.4650491581049,-40.295696829406,-52.2808286682393
92,4600,-60.1458023186324,-24.4401591485488,-35.7405683444948,-44.0981968683158,-51.6309898704227,-72.1889510043613,-58.8004829698889,-52.4485553108091
93,4650,-49.701068894777,-33.7345785902524,-13.3642190637606,-58.377351723858,-52.2388494729367,-69.6432113879082,-53.4283584276436,-47.0696548516952
94,4700,-18.0982354625173,-64.8780624412333,-17.8580449909197,-21.6778725760666,-58.6995247646718,-46.3121255328259,-114.515520316246,-39.572459273095
95,4750,-13.0455698176563,-21.7282396958663,-29.8369661069602,-36.639791153308,-56.535380107982,-72.5573335595147,-32.6794572927596,-34.7957435095476
96,4800,-12.4844093394029,-29.7078147749883,-37.6759897861573,-44.4205270929493,-64.0952190943928,-73.1247060882727,-61.654244428397,-51.7502874681184
97,4850,-65.366300191514,-39.9037457197137,-46.0848413901061,-45.786668209817,-59.3939598252837,-74.766107353122,-57.9292113895248,-28.7375002767601
98,4900,-62.4365837246511,-25.3662081400319,-16.1537329335115,-30.4707138688803,-54.185222022639,-27.6870723530867,-51.9523479518797,-53.3065389804276
99,4950,-58.8532027698409,-25.1038015109176,-16.5180898192059,-25.2275103846227,-54.9407554027435,-67.0991411814418,-120.486720858459,-52.9734361051009
100,5000,-46.7809490024119,-30.9065328068044,-45.9320724831033,-38.8123987151924,-59.2988840690549,-27.8372472483636,-114.084344168983,-35.9912013505476
101,5050,-72.0828267670826,-28.4161350438692,-27.2234128549514,-18.8123287971677,-59.30148606563,-50.6631325827929,-114.014844900484,-36.8858309431033
102,5100,-42.591208287741,-67.0489152426097,-19.5813561379066,-61.7859915495502,-66.5783222945005,-61.2235438531915,-118.745922724052,-51.4877761473484
103,5150,-29.6973034180997,-21.6764037890549,-15.6780689786739,-55.337476173171,-47.7641934076072,-64.3468748915727,-56.2629566112895,-37.9727875599907
104,5200,-55.5835060179593,-44.8969428945479,-30.8627160293224,-34.0207681706752,-53.4698318072986,-32.1886240303091,-39.7394388336724,-43.8114758787812
105,5250,-38.3678831214181,-33.8202290162384,-14.7025921366597,-44.1292725152475,-43.1948172463309,-72.8233784192467,-99.1420005191902,-44.5407602469825
106,5300,-67.996428799195,-25.1563654819517,-16.5252949924459,-35.0124108913397,-57.230296222799,-68.1054064033162,-35.9966299674783,-44.0880240074927
107,5350,-45.9821662943136,-21.6468658913995,-18.3718784211093,-28.2236807075371,-60.9621538849369,-62.8866482607,-54.957355765631,-49.6966226452992
108,5400,-73.9218432024817,-20.1054705848121,-18.0541776988551,-49.4847615547902,-50.425449127588,-65.6172879281371,-46.6285959357382,-60.2343408961762
109,5450,-68.872507144248,-49.943322987142,-51.6301199659462,-49.3318582691213,-60.0732363143373,-66.8923058958979,-52.6394905178981,-39.5402764592684
110,5500,-73.0114294044111,-46.1239988629774,-18.4958840256888,-35.4355343765052,-60.9768702758874,-59.5102558620029,-49.7358675339331,-35.773276390263
111,5550,-71.9139724133854,-28.6979596462441,-49.5800921877142,-22.1240760465353,-59.4308026958758,-35.3326092813617,-69.4747539197902,-35.4920544612843
112,5600,-72.9456125259841,-32.9182332910959,-38.9523469089527,-55.8340932657561,-61.1064468248973,-69.2697386746434,-50.9487381391975,-51.2701726329877
113,5650,-23.718060088347,-32.2842250742536,-15.7256955293929,-46.1326499238259,-47.4417681671782,-64.679290596084,-41.5037317995792,-47.7567973933631
114,5700,-16.4331213210218,-28.0143912170784,-23.2075629157978,-31.8585843365351,-52.2673110797396,-59.9652143087984,-122.904355916762,-57.9497903058843
115,5750,-75.3271104299365,-44.2070153299018,-16.885295826504,-42.8409599825392,-60.1848635964936,-60.6946937479836,-97.4112451181146,-41.4351686887891
116,5800,-66.6433886299671,-60.086047478663,-46.6240493737281,-48.1668687265057,-39.2379729498485,-70.1580202949222,-36.4580787220276,-38.210071084317
117,5850,-73.2613806376132,-35.0467625266132,-18.0593981254317,-53.0896266120894,-57.7278493313487,-64.4548667309419,-115.221917340725,-49.7789250953312
118,5900,-73.4136396127368,-23.8241774602075,-17.6238031588701,-43.0201386302429,-57.6770766047757,-71.8344631588017,-23.1240465907043,-56.6890599967524
119,5950,-88.3361593195019,-68.8390599894304,-34.4370296613877,-40.6315392627355,-63.4193462520289,-67.0840295013323,-115.665069422085,-49.4069234191833
120,6000,-19.4203318408584,-32.7064780369631,-15.8999458467695,-45.9764826749835,-63.5220433792085,-65.5785234636836,-118.084705045541,-48.9693795872081
121,6050,-88.6876910495402,-28.5399506916632,-16.2063211564112,-38.7438716843183,-60.8335009198963,-62.4371277509649,-52.1491339488156,-39.2934797638578
122,6100,-47.1930719062438,-52.4810332691909,-17.0849836014333,-26.9642499790727,-53.1001619726618,-59.9230314770738,-31.2701167975301,-50.8008572361241
123,6150,-71.9514926572967,-46.0637293351777,-16.5680047375049,-36.1159334679313,-52.9728295584389,-55.2156463005993,-116.795808642784,-53.8718123691318
124,6200,-72.3531186790801,-28.7375368603025,-17.6000742016403,-23.0168519092367,-34.368514335699,-72.308530609755,-58.480839938265,-41.6720629383527
125,6250,-52.6111383905266,-45.6422916163551,-17.9329009572975,-54.5624016967272,-63.9457430057014,-21.8428249709437,-39.8629964499353,-42.8620173153761
126,6300,-57.2722329134065,-29.75984769396,-21.2995612591131,-48.9605631532019,-57.8227839995326,-50.4340351380319,-71.4606316278424,-48.5932696531996
127,6350,-55.6872360785115,-28.9501139059061,-30.3596032500829,-44.2694649476545,-59.1183294713183,-62.873522025081,-114.541464950856,-38.2911708885228
128,6400,-90.9237843362395,-60.2890119964418,-16.4034133392537,-39.830506929136,-61.8191739008914,-69.8990844238432,-125.536529870778,-53.2965108461041
129,6450,-62.3059353728883,-23.7951735527639,-16.7682965269705,-33.0391159241302,-62.908694101585,-66.6088003822435,-68.8847947251365,-35.0833732769421
130,6500,-86.9424775546775,-36.2793401027952,-17.1726470291589,-46.6572200850797,-67.0410532531657,-42.7599621098073,-64.4366236148925,-23.0606608056378
131,6550,-72.1729662869873,-25.46935219152,-37.2772918946557,-46.2688438531204,-58.9931119276732,-67.3072644252461,-111.823952952385,-55.7935859484986
132,6600,-95.0776756462289,-39.9452860129372,-20.0119052347625,-48.4004123592477,-57.8267078978071,-39.4530445176107,-64.8807621075451,-49.517591075583
133,6650,-35.4496431148184,-49.5336464618049,-17.2187194572334,-20.3616416664563,-61.4673242247404,-26.1740930916447,-122.256298500443,-42.5292555795889
134,6700,-71.835179562062,-50.0413957100982,-18.4809054078246,-52.3265951338555,-57.6713909908118,-62.6199874294687,-97.1795154709637,-34.7000439665875
135,6750,-23.9205072057517,-47.3664349556795,-36.3094713281285,-26.5458842321841,-55.8942116129443,-33.4766450345171,-62.3309605092607,-39.5024891581842
136,6800,-84.4005047136541,-19.2122025957902,-18.9019737424779,-43.7428905349974,-63.6578249736139,-68.0312364234289,-113.161843515073,-35.3239296294447
137,6850,-72.2402514348464,-24.4612595429287,-17.432628523244,-16.0358014719724,-42.7774428051973,-39.2704800245912,-60.9576113885581,-56.0130122222119
138,6900,-30.7400571038878,-37.6833354771078,-16.175029609464,-16.4163391168844,-58.4655824723612,-64.669848213367,-97.2271044902006,-48.3303468948149
139,6950,-63.3572820700411,-37.0447503189018,-18.1597506500909,-45.0798539185159,-41.0645236142342,-67.5478334288269,-120.660796834421,-28.895442557553
140,7000,-78.2743891475933,-37.4450451077309,-24.2541165027134,-16.3921715137619,-40.0206585964827,-39.8085701139282,-91.4801810336715,-43.1923960317778
141,7050,-75.5135405898903,-27.8185380284783,-18.0879838838126,-47.2719801698219,-58.0186554049181,-51.3614827790275,-67.9431109746557,-43.5591242813773
142,7100,-72.2684780256729,-24.2097469655211,-19.58998782584,-16.6172923777296,-67.1306883111113,-72.9450273468835,-127.38926110436,-52.1654684473053
143,7150,-75.5826832768362,-31.2059473974971,-18.3107778556913,-35.0925848095962,-56.917659515504,-68.7043145705123,-116.350182786047,-42.3902681961189
144,7200,-27.838793620744,-26.7751079901608,-15.9886315843493,-34.0212627035762,-64.9666241182927,-63.4254082377369,-52.584612855713,-42.5078976166875
145,7250,-29.56661767425,-61.6860066230873,-17.2692320045796,-49.4127110637166,-57.7825730266787,-69.2930858088796,-124.651966232309,-52.0743114089229
146,7300,-74.7406597241083,-25.2524421236911,-46.9477055986451,-43.2481157588511,-64.7020306008704,-69.8834247722934,-71.2774230306912,-30.9692479228902
147,7350,-92.997157058989,-33.0688699869695,-18.4343756982241,-50.6182733203266,-54.7926686667532,-73.0945140272019,-61.8108830330718,-38.9827780058099
148,7400,-72.4535735631768,-21.7208356047959,-16.8916628202013,-40.1631489765963,-38.4321534374057,-62.6033064989674,-92.5540201522265,-49.9192813078842
149,7450,-92.7718717790703,-46.69712697165,-26.0002833126627,-38.1378533411997,-28.088631191617,-40.3550421452378,-88.4396726497481,-51.4748748373801
150,7500,-49.0989557771332,-25.6426187036017,-15.8865129478769,-53.274310334535,-58.4114919231099,-67.1347239092846,-31.2084471505692,-27.4506706744405
151,7550,-73.998237053119,-39.7725622211328,-17.8970646267514,-52.174836659778,-53.9880543761078,-72.5386365879922,-88.166022395231,-42.9126506713129
152,7600,-73.7707118274675,-61.7489386915023,-16.4016902017868,-34.9233377003771,-31.7664555021556,-65.5673288260625,-54.111703392174,-49.6481311744148
153,7650,-81.795819236571,-23.0215281363426,-22.720931092488,-37.3122360463925,-62.4037571123905,-58.1273033947367,-50.6753191352134,-54.1605057634325
154,7700,-69.85005633725,-36.0355743521265,-17.8186433768504,-38.5782756054933,-47.632809159843,-71.5071736668497,-69.0520840973813,-54.4053854018453
155,7750,-67.6833646716082,-23.5234697447619,-47.846144063238,-49.8895922932542,-60.0316805924185,-74.5345280414097,-70.4383444924015,-37.2055340340732
156,7800,-54.5016132038036,-41.1221633838945,-16.9378056824282,-49.0597969621209,-39.585941589113,-57.0937461731809,-66.5795224949391,-47.4912356290081
157,7850,-103.068139566122,-32.9591300033931,-31.3988320495058,-46.9634264191406,-63.1327092370562,-47.4847990341764,-65.1022660327838,-51.3537030205479
158,7900,-61.3463120854851,-37.2690834577937,-17.4011377641842,-38.0144041538785,-54.2096296891647,-69.4409996346502,-32.7382467920332,-30.0421510094793
159,7950,-66.5057338430401,-43.3019618417975,-17.3434390170392,-21.0161365717909,-51.3408367189486,-68.9152672478926,-63.414872755805,-49.1839777320694
160,8000,-73.9425002361247,-45.6241207761376,-18.7598631727842,-38.083937737004,-49.5407757035533,-65.6854495055178,-65.5535267386111,-51.8454127991458
161,8050,-72.1401333723902,-34.0805917580028,-18.6476590017433,-30.2920753390595,-54.7497347575798,-24.995111704391,-117.449433556194,-38.435177322438
162,8100,-61.6330345462371,-38.5786154666823,-15.5409870047703,-44.6962798830257,-63.3322525066807,-64.9586762526036,-22.7897755886837,-54.1938708695929
163,8150,-38.3280524600043,-25.539789639171,-17.6413017728179,-40.7513365415378,-39.8202332913316,-72.0446222625344,-121.179187493326,-24.1804315460202
164,8200,-32.7419050213619,-26.8317858431732,-35.8422521860728,-25.9636507397415,-63.4744548649977,-67.4311103725058,-89.6313396985038,-54.3433594975795
165,8250,-84.9927024213862,-69.2199870718946,-16.6577414593301,-36.9021684671711,-59.4691567701947,-71.9226361367961,-89.5459110233967,-51.0894422537578
166,8300,-69.3395864644525,-30.8416248292446,-18.3356155022929,-50.8826937020968,-60.8612108914079,-64.988345942877,-59.3328771245907,-52.8688485456605
167,8350,-72.8412627411343,-23.7269784384507,-40.2843741092732,-18.7329218340903,-51.6110473787309,-65.9407330071551,-58.4850335862326,-50.4909426043738
168,8400,-23.0840686063098,-36.3348753342547,-15.8013376555317,-48.9442058986051,-59.7394081752028,-68.6402304113525,-42.8897172327663,-54.5172724860294
169,8450,-94.395152097397,-23.3229463789066,-17.8096633299005,-16.061773817655,-64.888307562484,-69.5092174041331,-113.529457433843,-51.4811027330926
170,8500,-68.0133108871418,-19.0181767885934,-15.2064670879457,-24.9627394370972,-61.0853536930751,-72.316935181586,-120.173307830731,-43.0686710310953
171,8550,-36.8342742914647,-36.5353104191967,-19.178981187206,-15.6766495193938,-61.3115195093132,-64.5519636031378,-94.1927203507722,-38.1780483517612
172,8600,-44.1308647306119,-32.0651544825256,-17.9877831811124,-35.6715206826818,-58.119083847372,-69.6113684988602,-127.868254386044,-55.2919089184198
173,8650,-41.0865853313866,-37.1002885579844,-15.8482364004846,-32.4517640545096,-62.983756377518,-61.3521551501302,-62.1867675159505,-49.9564010347581
174,8700,-44.3670783509492,-23.6869860948347,-18.3813030569894,-32.9174144083753,-40.7131475364877,-66.7231912868096,-99.9009045238914,-46.8525112976513
175,8750,-31.6120283337355,-38.1599432580853,-18.167144527728,-21.617134558726,-59.3882956900105,-68.6782680785071,-57.0630556924116,-49.0847414969857
176,8800,-29.472664569481,-21.6418299778427,-16.8483980870416,-47.6507804152794,-60.9761595503159,-66.6682082599406,-42.0282073576244,-38.2348082730593
177,8850,-30.0711452349826,-27.5177433812182,-17.1509381026034,-15.3972234536117,-65.3779042201772,-65.2936432788592,-125.089130352736,-49.9798011073847
178,8900,-66.5028027294905,-27.6456598617702,-22.9642920740701,-16.4572052986838,-61.4198658132931,-59.7934810978542,-84.475856224013,-50.4935574277917
179,8950,-85.7496054444406,-42.3949834515875,-17.8205242115034,-15.8554398357736,-65.3837231557454,-67.2693087786708,-120.269290345775,-50.1788841758117
180,9000,-43.2650372641493,-26.8919638182121,-20.1785984118124,-27.5417203175162,-56.2096412227255,-70.3191073051413,-62.6105236870495,-50.8814851501777
181,9050,-42.0098017855816,-42.9462438604394,-15.8257899233914,-41.7643758674741,-58.29146506498,-39.2053618713203,-106.105476949528,-44.2461045156984
182,9100,-86.4237423194807,-34.3457420037694,-17.9257249864309,-44.3125205856566,-66.4418938134291,-64.3499713599631,-119.153618151808,-44.5055717949122
183,9150,-41.308120101276,-41.0439321784134,-17.0820318377289,-48.3073684281056,-51.8052099817714,-76.2013261679988,-111.63882240326,-50.4047567503005
184,9200,-64.6512442848679,-68.4712898781499,-15.1796037106341,-43.9547148173305,-63.5982063229744,-69.9327188622925,-52.5038780797423,-52.1171720698124
185,9250,-35.7883685341668,-53.1345088442557,-17.4299434670091,-15.0779416949439,-63.7821191655221,-66.9872511135149,-110.979830299573,-37.4001961876118
186,9300,-32.4604640166672,-44.7963801811277,-15.8382367153528,-42.8398203653937,-63.4563414151786,-69.9418697498238,-94.1054232949251,-37.7693434102923
187,9350,-40.8235686368704,-26.914104903783,-16.8666603502345,-13.5585712720742,-64.899234445912,-70.8924218165554,-129.636417659173,-52.8604912311227
188,9400,-36.7603643021425,-28.6201351615022,-16.0586192314131,-45.9658647529957,-66.0760381185296,-65.8663383416505,-127.330561830382,-47.4570075079955
189,9450,-72.5240370009156,-64.9321576694975,-19.4336531857698,-43.8975974678717,-43.3391543807812,-70.7466594778393,-55.9833513477777,-44.5030505484226
190,9500,-45.8636603120079,-50.8139283556425,-16.5150759767206,-13.0644948403551,-55.8302222953892,-71.4538134365017,-96.1405426756067,-36.6836555117874
191,9550,-40.1224094043169,-45.7316594457467,-16.3036265971682,-38.4491017119336,-55.8787729352085,-65.3640568551896,-99.5315801600117,-30.7738565372487
192,9600,-53.6467757885265,-63.2001340962902,-17.2901915548524,-42.4755307593705,-66.33286299629,-70.1419731127714,-78.7293909743239,-38.9908280512022
193,9650,-55.2892249264991,-63.5978058527482,-16.866198056093,-18.142728073279,-66.9673815204103,-69.1773747734342,-91.353463582255,-35.9164795605807
194,9700,-53.9829618004663,-33.4614343466102,-16.1704409300295,-19.5574010150465,-61.0277728236091,-72.1649239604018,-97.2271610476543,-42.2526632239245
195,9750,-37.6841015187147,-38.5582192234168,-17.0885284163979,-39.9508403637233,-65.2326641315324,-47.3784434237527,-97.0185810604413,-39.4593236050352
196,9800,-86.4826180704028,-42.8947682698949,-18.3296881546139,-12.4376249682454,-66.8401844973563,-68.8431645260532,-122.82770933176,-39.7380932904167
197,9850,-55.5201262001658,-83.2842970049943,-19.5394477769487,-37.4351217091375,-54.3404580017966,-38.7380567398823,-94.6716426491887,-23.6642559233844
198,9900,-36.4343734452074,-49.3497530950298,-16.0532441351578,-37.7141803642317,-63.9607374788983,-54.5736122627156,-99.6079861777271,-45.4512673154216
199,9950,-52.4310664137139,-35.0199225502445,-17.1431741724609,-41.5952151514384,-63.4999181696345,-69.865167035368,-110.020307939174,-48.1705409839305
200,10000,-47.2117173197624,-49.3684216513237,-19.0871139827391,-16.2738855798167,-41.6082923860355,-63.9755108885465,-96.1590240934499,-52.9089991934326
201,10050,-36.7585423902591,-42.6952975831293,-16.7583760058604,-12.4818375513541,-65.3167312973466,-73.9935406126769,-124.716671693677,-40.8664504556992
202,10100,-57.1169000205402,-40.1968045138648,-19.7789072089024,-15.4608025487443,-67.1203885004886,-73.0772497154101,-98.8744762288387,-34.8559561256394
203,10150,-54.1470283222444,-31.6335764954602,-16.2622195421449,-31.8867463643714,-65.0452623137294,-33.5696668960858,-88.0839627159689,-43.8356655713679
204,10200,-50.6963024035615,-30.9509758338461,-16.7886514885175,-31.8566663179231,-65.935663348591,-69.8394802512495,-109.943977883228,-38.911132564985
205,10250,-40.9510949516498,-47.1136583274461,-16.7410188120467,-34.4053444147691,-39.7519191765275,-69.6348498001107,-91.8726265359012,-45.385964929159
206,10300,-34.2055178315176,-59.8442448779312,-17.3906913431323,-32.1076219462749,-68.2990205081025,-71.2859575278275,-30.3960000198562,-34.439986434692
207,10350,-43.283569501761,-29.5214860413012,-19.1619673032606,-45.3932167087298,-54.4621117550423,-73.3527301538643,-64.3545381377474,-45.6270910817834
208,10400,-43.2336100751136,-40.5095008826929,-17.2371312489558,-14.921734728819,-62.0934189607155,-68.7369854938778,-99.8951273632615,-47.7951301412596
209,10450,-30.2055909893643,-41.1702699256585,-14.726024712098,-15.9197529319584,-67.7413905796803,-66.9296932733489,-115.479360026228,-46.6468781194119
210,10500,-56.9096930603288,-60.5631426674266,-17.6325447962335,-41.0380466773946,-95.9314253695137,-68.1194640655172,-56.547441045144,-47.1997903543862
211,10550,-30.3084599173968,-44.7169262021553,-15.9649545089608,-13.6426779783848,-62.6984525480825,-50.9765142407224,-87.6512503925207,-47.2838077336116
212,10600,-48.2037591596024,-39.6321744753133,-15.7870466694747,-14.139099774834,-30.9567573852145,-70.7399852122148,-39.749764226137,-83.8206982696153
213,10650,-82.4068883870395,-51.4295151081765,-16.6262997660312,-40.0438022435014,-62.4602804779207,-80.8676643245215,-56.4435172219572,-90.5780898080806
214,10700,-22.7146688544289,-44.9709849127013,-16.8599038180757,-15.3920704025739,-67.9813436665168,-70.7217764423578,-44.9696506165407,-49.9087639984857
215,10750,-38.9201556403765,-40.3667172983513,-14.8457667970225,-12.5008446628879,-58.244864804402,-66.4809105320479,-49.2200450428276,-34.7490352004903
216,10800,-42.8972307779498,-61.4676072903935,-14.7330591682474,-39.8572266185964,-69.0620643783459,-62.2288208271187,-35.3517526098458,-37.1914214441448
217,10850,-30.5250370389141,-63.8100150695971,-15.8516273092833,-12.3416549931578,-62.4315046715401,-67.3965003886915,-109.598184739136,-49.6982606654097
218,10900,-31.6047107215078,-39.1197808618407,-16.8004201381152,-35.148080325368,-62.7620044072471,-59.5248760235927,-46.4430675315104,-43.0206513436053
219,10950,-32.0481008886552,-47.1183082722951,-16.2913708126503,-30.4133922065339,-63.8471631048364,-67.3434000714479,-96.7218348745969,-38.1516749106546
220,11000,-29.769377094317,-59.4649716153377,-20.1329428514204,-30.7410258833192,-65.4658644271292,-76.4981122358116,-118.357728793364,-48.299016477304
221,11050,-23.2255769697696,-34.8933375156727,-16.4175809367936,-19.5385123760797,-67.6300984306295,-70.6317687911237,-32.7392668648305,-43.7297539600624
222,11100,-24.2745383425669,-29.6899383627734,-20.0637318572563,-34.9370763448721,-64.313214093028,-67.6302558329483,-102.735701653041,-46.1830106164921
223,11150,-29.2174413874428,-39.1921562662728,-16.9608301011436,-15.4353892776883,-58.6103702855952,-73.8973295377082,-71.8251396899716,-49.8139350056866
224,11200,-28.3194462563619,-36.9564179533456,-15.1200594312452,-44.1245352835955,-64.5195185011216,-74.2925310077674,-119.898043914956,-79.9392386628092
225,11250,-36.8194018449939,-40.9639359890895,-16.93847754022,-29.1419752070325,-69.5734539511724,-78.1159948959392,-56.4188266873323,-45.7831375320271
226,11300,-24.7766905270196,-37.8448286550362,-15.6504989500471,-14.2305539143361,-27.3046491605046,-73.8523336934968,-40.7894027893278,-49.203372435245
227,11350,-25.6037827365836,-65.9973824742229,-21.9623048087514,-13.2861412133372,-48.0812628282236,-72.2339852238861,-78.9449283612579,-46.9571403482075
228,11400,-26.9864770124324,-35.3283241456663,-16.3024153434206,-17.8668813402648,-46.473942980197,-26.0724700254336,-34.0208231271302,-41.0276906986076
229,11450,-39.312708960004,-35.0589677827947,-18.0625590591144,-13.460197807972,-37.4519184890142,-72.8305888171522,-43.8823924689729,-48.1344326373313
230,11500,-26.6732632502854,-41.5457108953592,-21.3397686406591,-23.6802030603305,-64.7303274511621,-75.9261058089869,-32.8694832797952,-47.0761132198094
231,11550,-43.7400359564438,-40.7905953329407,-15.3091964040769,-14.148297213826,-66.2855727115509,-67.1699540684415,-14.9623499334892,-46.7376634082031
232,11600,-41.2453032852917,-46.5551454988087,-17.0364055820708,-20.2756332154311,-59.8282049951155,-77.2598434054409,-28.9133787584833,-47.5162317420519
233,11650,-41.354570564399,-35.8474355980028,-15.4668264167408,-13.6077176698977,-61.9858478771842,-71.3336933636192,-92.2056971152749,-39.2044212596808
234,11700,-66.412973262978,-49.6191102135147,-16.5529494642276,-12.1927496804059,-71.3568431804207,-80.8429906409271,-36.5108592129615,-47.5782345408827
235,11750,-41.7311039633511,-36.1438699311891,-16.0899629760149,-11.7586474306608,-72.2064162190722,-66.6131625487704,-95.6199959741604,-48.851586146572
236,11800,-41.6142967983885,-60.7918618933049,-15.4399698516504,-21.9021721515034,-57.3836488003291,-71.4569954276614,-41.2959790162447,-42.7158591684749
237,11850,-34.4353014942723,-43.5826891885655,-14.5962936351564,-13.7279818103849,-53.8520393833743,-70.2013969733792,-39.5863665970703,-99.0207904699475
238,11900,-41.6712764286933,-45.3920363814195,-15.1212944096852,-38.332943597962,-69.0995457109165,-71.7772834974949,-45.5836789989941,-37.4709280997283
239,11950,-40.0130137874361,-39.685313157836,-17.3251560273896,-12.5032808485008,-61.8574149774646,-72.0225419124288,-107.030305992414,-46.9928907085148
240,12000,-42.4841076833299,-43.2453479705568,-15.2702676347125,-13.9282951218801,-61.5494875040132,-72.1976414599193,-111.989550870941,-47.3308043646971
241,12050,-44.7531238748071,-40.8366889470054,-16.5775603363497,-19.4452793108263,-66.3836994135105,-75.9164025308082,-30.4974087580182,-42.722427609627
242,12100,-43.8173385697337,-44.5869188515752,-16.1878006650012,-15.0009860796599,-69.1948814694647,-72.0301110194214,-29.8959382988219,-47.1273109203685
243,12150,-39.4670854267178,-52.1313426179186,-15.2057270802353,-14.1913597585915,-68.3731718659787,-73.3284672773888,-115.420211316727,-44.257598897183
244,12200,-41.4525665339323,-42.0808904122931,-18.169677271807,-20.6552076625203,-64.7994913867,-81.7840371262355,-34.6440258499359,-46.0569811882794
245,12250,-40.5579901375111,-33.5576837819547,-16.3255125207703,-13.7781100686138,-43.8039558286567,-74.4246570310182,-38.9432640291899,-44.6176514678779
246,12300,-39.172417800849,-55.3791025774106,-15.5377762008698,-18.9185360149669,-68.6164010633212,-72.8998176450894,-29.9914514932133,-46.8651189597172
247,12350,-34.5123658381974,-46.5616945020733,-16.5939075019457,-12.070755440483,-53.8367325164627,-75.3928137997095,-100.543986797523,-49.3416921731709
248,12400,-36.4369578279714,-35.7468577390673,-16.0525861882985,-14.3658771565545,-71.623114201301,-71.8834229546156,-119.402738893991,-38.475008646443
249,12450,-43.1529238459345,-38.8967991191183,-17.2085114076376,-15.118866230876,-63.827262348489,-30.0545898648506,-90.9871249825236,-47.3611295405238
250,12500,-41.8428005185295,-36.3886922550938,-14.9964272321451,-14.6522571160448,-71.2017778974444,-74.3441537407743,-93.0393657571094,-49.6722587083758
251,12550,-40.1938840599727,-57.8381443312869,-14.5247386922604,-11.1082756279801,-61.5434341517267,-74.9336088338299,-56.4047549548485,-99.4166347975557
252,12600,-39.041840662682,-36.2656791637602,-14.2807566538979,-13.1580839450181,-74.3639202031857,-75.8759399633268,-33.7396121866773,-39.114642643211
253,12650,-61.3162164811548,-37.2233256875626,-20.7276310900299,-13.1347843555589,-68.6544232924444,-75.5914265536311,-37.7429613175293,-44.7263170982458
254,12700,-63.3617123808123,-31.1149258028241,-14.8179068280661,-14.1767713035922,-73.8861852401335,-75.4456131746657,-111.686809262786,-46.6707450942172
255,12750,-44.0305984133463,-55.9260129118143,-16.8144914440012,-13.7098742746361,-72.0673931335881,-76.5323931472262,-43.8191865379474,-48.5649091685948
256,12800,-28.6068269063709,-45.5920718470267,-16.9320880896436,-15.0009004613498,-73.7780604197233,-72.7576568880681,-42.2637569922638,-96.938072679012
257,12850,-32.7310576279641,-34.0924576080257,-14.8979898585183,-12.0092447766098,-59.9188929506094,-80.8520234781346,-43.9599913750479,-44.8994445367446
258,12900,-38.7939463519348,-51.2245126082971,-15.2943535179062,-21.8117574053747,-72.443841404514,-41.2198340192934,-40.25357225871,-44.8109926864855
259,12950,-60.735514231111,-35.95717618436,-16.0098896630972,-13.8167421841091,-66.7868687830601,-79.2763244223776,-75.8308077560067,-101.209733949184
260,13000,-43.336240622494,-34.8123360738106,-15.0473758239939,-14.7390582879731,-71.919748949833,-74.7708209345448,-98.818787295615,-73.4641112326323
261,13050,-42.5035796544585,-48.7601612345327,-14.9291159488585,-14.1043703058107,-71.6825373485179,-77.3395545655377,-110.338530756032,-41.4178808976496
262,13100,-42.3961337699793,-35.7379483323054,-15.8896898910644,-12.2202452110903,-66.3508683161192,-76.6964282311798,-40.1562447831062,-48.7099958581985
263,13150,-48.5301637963284,-35.9452446504594,-16.4932175215814,-11.8481711133205,-71.5171907956917,-80.7704857915573,-38.1688800010238,-48.7497799162009
264,13200,-36.1439814099429,-39.7075054258642,-14.6125655775229,-12.3778654335168,-70.0170161092298,-82.0413532973281,-52.1566153190131,-46.3928086980006
265,13250,-34.1859550175572,-60.6656154648908,-14.391228680245,-12.7050927801886,-73.027272694463,-74.9105224097346,-32.9214209008543,-64.9814354105694
266,13300,-39.8086420729356,-33.2164288531765,-14.4903947229791,-12.1987476993857,-71.7994631001344,-78.0754956992922,-56.9667522884727,-47.0286836646407
267,13350,-42.7996522376355,-45.2426309938154,-15.3522279679145,-13.3680624422918,-68.1716580194753,-79.1542290039269,-32.1690088202051,-92.8740904503371
268,13400,-22.904068229389,-51.2678819651782,-16.1733449659229,-12.0908020661295,-69.4353145639362,-73.2783544661047,-86.3344429835549,-92.8851824508031
269,13450,-44.0958383698537,-45.0495469049542,-14.8922897797663,-13.3138798511678,-73.0862143998799,-73.280744033086,-87.0985692351521,-46.8299551233012
270,13500,-27.8453578878441,-35.9936785595391,-15.8611675583211,-14.9847496301205,-55.4571243157287,-74.409618431962,-74.8420098125275,-46.6728394753503
271,13550,-38.7226649815481,-39.3499608088787,-13.0182422847474,-13.8277945206131,-75.2250009710263,-74.9785991481916,-33.035260317549,-39.5952271049401
272,13600,-40.1872005803783,-34.2565857297364,-13.1375669983824,-12.5740806979328,-74.3681717852711,-76.7989099233628,-101.855166088916,-49.0619265186198
273,13650,-37.2165364211826,-46.425655744881,-15.2151540148056,-15.2186334536308,-48.3931179458434,-77.1742281213395,-45.8262119892662,-48.6888385397195
274,13700,-42.5190416224338,-53.2555159523301,-14.4045398942308,-13.7838575750016,-69.6183015290662,-71.798518937424,-93.6159921684058,-47.8411873105903
275,13750,-55.8720603519563,-34.603474074807,-14.254270551826,-13.07092948524,-64.6887925374375,-73.3095381425264,-27.0104828431549,-47.2700397254139
276,13800,-30.0773619872326,-36.1321164769896,-16.0494084294702,-12.2111144029762,-72.2463879792256,-69.1312372664166,-46.7924778729473,-39.4380201301098
277,13850,-34.5028487301868,-33.9104937172695,-13.8214912310373,-13.6712081571415,-68.5436717278944,-72.9099324850427,-32.6219603037911,-48.7059408089119
278,13900,-27.1704766574824,-34.0759291970919,-14.9491978216595,-12.5444450893273,-65.5770560205137,-80.0712053704904,-54.5916989860482,-40.4313967655062
279,13950,-38.0743895479671,-32.3042198444533,-16.1474702159818,-13.8290574529668,-72.8446564598058,-80.4539810720511,-28.7418291575777,-43.4095260109557
280,14000,-38.8073435194646,-31.8817160820773,-17.5013758877697,-13.1761261336454,-71.999586782238,-77.7459079700351,-32.6805370802022,-46.6233845735351
281,14050,-27.2972651631435,-47.1404439863783,-15.453468910188,-12.4978024721696,-72.520544975979,-73.3928026760457,-43.4153560203483,-40.4320014797659
282,14100,-39.2003591641196,-48.2501942033086,-17.0678199440816,-14.7277760613179,-30.3319943431351,-79.2338013129808,-54.8844584037326,-96.9023501764332
283,14150,-42.9024885926131,-45.4250528900614,-14.9453995973852,-13.5975188695887,-69.1493673943375,-77.5193558200897,-31.0081524231202,-92.0848111032387
284,14200,-42.7861595036496,-38.397692526496,-15.4081484838197,-13.74307606748,-59.9358500133897,-82.2208721391857,-38.7757486731965,-33.9219843019792
285,14250,-20.7530300119,-40.274546908372,-15.4911391526092,-14.0405593641627,-74.5486945572312,-78.7004167466228,-30.9593213360788,-45.782818053871
286,14300,-28.288265743014,-31.4743870381527,-15.7328085387326,-13.8780150316185,-64.9548054664526,-77.8907115516693,-38.7451060558395,-46.6278585334
287,14350,-39.5202903629999,-34.4427729051241,-14.7857579178734,-13.5361082242107,-33.222301069755,-78.0987285286463,-93.0857364751921,-38.585190921421
288,14400,-22.1848057159074,-43.6661600245538,-15.8423148364237,-12.5964708571129,-77.136753744653,-73.2854310577605,-99.719961835633,-40.1915675197384
289,14450,-29.6527019105667,-35.0329122570009,-16.8139018701997,-12.4669453053984,-73.9904500624725,-74.7300053749955,-91.7687038686811,-46.8572121360251
290,14500,-52.4964713434329,-39.2760055608605,-14.0505349172074,-16.2926389360831,-75.6155824279328,-76.1234573271036,-37.5604640464407,-46.175558623654
291,14550,-38.6173852748306,-29.3458825354372,-16.1016979117957,-14.3424227351759,-71.4565056113228,-75.886030891999,-103.309324612054,-40.0388107528587
292,14600,-43.3210716693019,-39.1188442200866,-16.6432189508815,-13.5548023040219,-68.7998784269617,-74.3126909930029,-38.2677618643563,-46.506044607006
293,14650,-48.9668977634674,-52.5009732885194,-16.3414126488003,-13.0983915855571,-80.6251374166369,-75.3778603405652,-30.4266638075537,-46.5796815187147
294,14700,-22.7344162628112,-32.6032372740628,-16.5680964279152,-13.7642254539543,-76.5831555018579,-24.8147647633069,-29.2010422667987,-42.2049179740921
295,14750,-42.5406245489833,-36.3954441767456,-15.4341049823613,-12.390763996989,-74.9277123713765,-79.5631144370194,-95.1386664290401,-44.4612949344982
296,14800,-37.0723751709744,-56.3388967086223,-14.6694052690517,-14.4440384767354,-66.9586341037491,-73.1404337979956,-105.281079109633,-45.5280419590738
297,14850,-30.0537766535869,-43.8485939342955,-15.2430721894556,-13.106257864833,-67.6509082844216,-74.1152156944322,-41.4700999148923,-36.6784654264731
298,14900,-34.8387657125885,-40.0630531982555,-15.6979757322605,-13.5609364816984,-57.9620286164723,-77.8915211406283,-39.9159615416112,-47.4298131814084
299,14950,-43.1941066365828,-40.0675120492972,-15.2487116092548,-14.1366105654851,-72.3119784496479,-73.7136252158584,-96.9258099194966,-41.7335367792029
300,15000,-27.6468347407614,-32.2115166260582,-16.5366629284608,-13.6914401321541,-72.9544167978337,-85.2155761746342,-39.6553779691909,-44.6631351506704
301,15050,-36.2487896722599,-46.8966940840544,-17.384720827932,-11.456424656413,-73.4358823577509,-77.1796077785585,-42.7222393580028,-47.4527427398127
302,15100,-28.5633284312259,-40.8348415232755,-15.5321489523921,-13.5033442041107,-72.2944385335025,-80.3221998385745,-88.2576835192354,-47.1932416243774
303,15150,-33.7742607805518,-51.4660474860408,-15.3426601672884,-14.0559959891399,-75.9046489692871,-76.4763083243303,-42.9860806098921,-43.4732121493104
304,15200,-24.1863586061424,-32.0152192233055,-16.9162921261524,-15.3998972751382,-79.0512515875539,-78.5599306143384,-53.7744517475211,-66.8795149962172
305,15250,-23.4678207469546,-35.2816777162203,-16.186356922059,-13.8028729186239,-74.8800270926422,-75.6721511043914,-34.9805552803062,-86.8989795078166
306,15300,-22.9467934254844,-40.4167925858334,-16.1091579069456,-14.248293375225,-73.756361190394,-81.4672046244851,-54.7222512752971,-43.9453861900784
307,15350,-27.3887038607036,-34.3885832152691,-17.1400921421451,-12.2023274571084,-81.1792745412411,-81.353447764466,-52.5518458727534,-41.9670461096815
308,15400,-24.569412024314,-33.7828922272699,-16.7807813205323,-14.4111067393013,-72.9755748811158,-82.0309210748137,-31.3978692658132,-41.233041261361
309,15450,-38.5224531649738,-31.0750668846746,-16.1277267906517,-14.1963800307424,-57.6395391032946,-74.7215928943043,-93.4361155248494,-69.5324476633957
310,15500,-26.3456087813708,-34.4966703520645,-16.0753143863442,-14.104649653323,-89.7461264965577,-76.9070902755842,-109.501176166114,-33.5292281804477
311,15550,-29.9021966279405,-34.1943689970212,-16.5704914712471,-13.8294948546441,-74.3102143905404,-82.6714186414349,-106.344442456522,-46.0440462803004
312,15600,-44.3233070657842,-29.1954421529347,-19.1076165174222,-14.3085072566968,-83.9643887608678,-81.287319743762,-110.145045819717,-47.3454312813369
313,15650,-36.0968070282083,-38.9592229084647,-18.7778710113437,-12.1465183796329,-75.3943029350173,-77.3946478324498,-35.2825092128214,-44.7237015693879
314,15700,-22.5901179150194,-34.9155920579663,-15.6570168623473,-13.2667259748652,-71.666325392532,-75.7538168425629,-31.0776124987827,-43.5568747158728
315,15750,-41.2551474228935,-29.1330038703747,-18.728662949242,-14.7797331881974,-68.6075593449923,-75.2315656588206,-43.4589786049836,-45.7496693912067
316,15800,-35.6875744872025,-40.3111114732163,-16.9731135529094,-11.9202732995536,-44.2902326085671,-78.9979910073137,-24.7434579426298,-49.8440951919119
317,15850,-23.0272015314932,-33.7458263954315,-14.8652663623248,-12.3025952883832,-74.2712030014552,-26.1676133869588,-42.1004678426167,-43.1880638701761
318,15900,-30.0135968324429,-34.4723626350734,-15.8715961271549,-14.5142479816564,-53.6573342711136,-73.5215009676062,-37.8619957667376,-45.9920868314921
319,15950,-21.4008725828023,-33.2280391369515,-16.1026748718243,-14.0643915644745,-61.7928478895091,-78.7379500885317,-66.729836281836,-41.8439629363473
320,16000,-26.2451737402169,-31.9274973125229,-18.6407692087685,-14.7987534773704,-75.4264297496434,-79.0383077648157,-29.5153604485109,-82.4748918809357
321,16050,-42.7219724119364,-39.5941264574765,-16.6833374987525,-13.323978355334,-51.4000622660133,-26.2367197393265,-39.3513886727266,-45.9751153118141
322,16100,-37.84117453377,-42.271509342055,-15.9188518900363,-12.7982379196512,-39.9977693102206,-76.1626106206506,-38.6186880079821,-40.2982491177
323,16150,-34.0500576268704,-39.5045042792208,-17.7697956959019,-12.1697562386671,-74.751615031446,-30.8637433776578,-36.884060247425,-31.4303864930916
324,16200,-35.558778603196,-35.0905613788386,-17.6343803076623,-11.9864979058612,-73.8792447776869,-78.1600116157958,-28.7627786529468,-36.4247737320591
325,16250,-37.6768564832026,-33.8476177789458,-17.4925533440454,-15.7539654669046,-73.7088362335093,-80.9797155193244,-111.886443742358,-81.615845992974
326,16300,-28.6161633652704,-28.6066374233003,-17.7760105168273,-15.9911028918095,-77.1881129903143,-80.3550360867752,-35.7063262683609,-81.3705703635399
327,16350,-34.2930221464026,-44.1387311524317,-17.3677479409661,-15.3531032174117,-26.770898438478,-76.4902705457496,-105.481235401793,-26.2656312902801
328,16400,-45.0189185611703,-32.7507420600383,-18.7294355224158,-13.3961887629469,-63.3367530069689,-76.0199760806021,-39.717211517572,-80.6170452681409
329,16450,-27.6208306624794,-27.797472932824,-18.9508326209059,-13.2033707522825,-46.3318821502244,-72.6446462345642,-86.7307043080621,-43.7082877492161
330,16500,-30.3230358950005,-30.7021088066241,-16.4076323503417,-16.0040632852835,-74.7837999172923,-77.2007290689628,-105.232355173478,-34.5309051194364
331,16550,-31.546387306961,-40.9484733185387,-17.3685523721638,-13.0454052526125,-75.5061611399385,-80.6421239521888,-104.512179049645,-44.620831605438
332,16600,-33.8301352901107,-32.8332069740205,-17.5584123841348,-13.6198127781752,-55.6562425870898,-79.5582696778305,-32.3836512992947,-43.4602660632728
333,16650,-21.0387756064114,-30.1371538045283,-16.2409148484966,-13.6009575498891,-57.49312257817,-77.9618492777642,-104.603725971451,-82.9416825362106
334,16700,-42.3742386990441,-29.1726247036699,-17.6619624589262,-13.6755829969821,-59.9156767290188,-78.8464937597577,-114.426315367099,-42.6371987124061
335,16750,-29.4736589467385,-41.0010347346933,-18.0788777467542,-15.5022991255349,-77.4987554012492,-76.8099700577398,-36.1065757942031,-36.0828813781312
336,16800,-34.2088937794156,-32.0412358093774,-16.1431324539986,-13.0762371658655,-44.8482279021725,-76.9521856164459,-37.75330009503,-83.8666523704058
337,16850,-28.9190258064189,-32.0328924897013,-15.7755842071182,-17.0723331773298,-52.8043308801677,-70.4239711621427,-29.3420270930577,-38.504292173619
338,16900,-24.6786013684874,-30.368268288961,-17.3280921354221,-15.2449294833611,-44.794334795749,-76.6843501556936,-86.5659373046815,-41.3517357848507
339,16950,-20.7433492791139,-36.0560168392702,-16.5829542492328,-15.7890072705122,-75.016954687755,-79.4157481359736,-109.070837742469,-45.775420116332
340,17000,-44.839960630528,-35.7733226516267,-16.3848921155354,-17.5713806298816,-77.3721518768037,-80.0170731149528,-114.523143847769,-43.8498294523101
341,17050,-27.1017467431572,-40.9608771382962,-16.9919701472236,-15.0342544035481,-72.9546938526353,-76.4953962242679,-45.8877655527047,-38.3594427032891
342,17100,-26.6600575692123,-41.6848454162381,-19.6897790630642,-14.4930364807964,-74.4703141323171,-73.1875276762501,-42.3429804781238,-37.255393911097
343,17150,-23.6716022504472,-37.5917971012865,-17.1676512155784,-13.6273343253714,-52.3057020026401,-35.2331999350242,-36.1337767507798,-43.6064188700837
344,17200,-30.2466609355611,-38.9992944826909,-16.5093123606505,-14.5465726041078,-62.8646683328586,-78.3297334833083,-24.2696705705063,-44.9279590300913
345,17250,-31.0297056763151,-33.8013192652186,-18.411399238516,-15.3876666215872,-61.6947396579533,-73.9712630394295,-115.414678785441,-39.5782021290106
346,17300,-16.711585594314,-37.2790967453137,-17.1303611307203,-17.4005156885276,-82.3729553115169,-36.4202053375287,-40.6192527460666,-43.7688850459698
347,17350,-25.43924512958,-31.5201366953264,-16.8090506078255,-14.7138844940436,-62.098962744976,-24.3585454848012,-33.190372465991,-79.3485858335694
348,17400,-33.9669694594738,-41.8172357744319,-18.4588798055021,-14.2437611858849,-64.1574939449677,-79.5466259572728,-34.6015847221063,-74.8937556333547
349,17450,-24.1294135115876,-39.9485307098699,-17.0184091522786,-14.9191252533419,-81.5093123797639,-35.7474480885232,-36.4045356743056,-35.6398008132016
350,17500,-29.0577173620784,-34.8828898393479,-14.6978507392483,-14.6065307231915,-43.3182572843187,-33.4032299273346,-52.6343850570443,-45.5243974503089
351,17550,-24.9604340326227,-39.4893639559129,-15.7345411159258,-12.9033407702184,-83.5362315746254,-78.7106980709593,-79.5899392530869,-44.5671330148444
352,17600,-20.9096672752497,-40.392426800399,-16.8589399995543,-16.4443657707097,-78.9455900372242,-83.5919919092145,-99.5583272892764,-46.7825933996167
353,17650,-29.2881419822341,-37.8875381299557,-17.2508795737047,-15.3848540756409,-43.0271216466753,-77.5722838192443,-88.7760639008605,-36.7694582623849
354,17700,-43.3510600608511,-39.0188751907884,-18.8389319256192,-16.0229986054684,-87.2521470980523,-76.649941108571,-94.1980312729148,-34.7154913497874
355,17750,-22.9644888047657,-29.5702878125596,-16.1483436004927,-16.7682534580734,-78.2340849668408,-73.7065283688971,-93.0478199297495,-45.1238900999067
356,17800,-30.3179179843841,-32.9672564001045,-17.580794370992,-17.6531077347032,-35.116078758238,-74.791138740884,-103.674797292841,-46.0263922219279
357,17850,-29.7644073894601,-41.3587522504885,-15.3992368721505,-14.0421676367345,-78.207255264175,-78.5136781436268,-115.222313724088,-47.3367780105589
358,17900,-33.6819664870254,-37.0076636689376,-18.0199066456266,-15.4919330871879,-75.8814943576621,-74.3857848902644,-72.0114423395746,-46.2852939262895
359,17950,-25.8394701082036,-35.4647687563558,-16.9306547387226,-15.2843132811166,-51.2946680913193,-74.7969571355119,-54.8070333792444,-38.8364415315506
360,18000,-15.9512733036011,-30.946757554858,-19.6250385126825,-14.3564235861069,-78.4923264624684,-73.6241805133284,-38.2853413817943,-31.0457902749435
361,18050,-34.189177190639,-35.8889886563376,-18.2250051753109,-13.3929486425674,-34.4859208273416,-69.769251324268,-68.7371365808093,-42.69023800674
362,18100,-27.9538890008347,-32.5096833944624,-14.9555762899994,-14.2073341443725,-61.0495711716927,-77.4398006778557,-79.075089206812,-78.0690376279989
363,18150,-23.5732787736094,-39.5575195292316,-19.3459983346023,-15.9497339559897,-74.0286810060681,-73.6604349768916,-46.3490462351251,-45.6376641467275
364,18200,-24.4301289817137,-61.8225250986363,-19.2816027651852,-14.7851006175313,-74.9475809318957,-71.7894766991326,-35.1869259313284,-43.6700646340478
365,18250,-30.1856148675616,-26.7468227147038,-20.0681546752081,-13.5311656121309,-48.1500160224941,-76.5886977815552,-109.313877675634,-36.9093078103741
366,18300,-28.217546510616,-31.4260396070916,-17.9751692533248,-17.0739473590108,-59.6528393650886,-73.2920408956378,-53.4910471863239,-45.3169294428659
367,18350,-32.3547745071973,-36.6256886215939,-17.7752381070155,-13.611250177664,-66.5659824555732,-76.1872977646742,-54.355897117672,-75.3251968079224
368,18400,-24.3254269601803,-38.9989424452868,-20.503395314289,-13.5438674536167,-74.4974346929795,-70.3546176252476,-49.9668674171384,-40.1784975737646
369,18450,-18.8736323382086,-33.7023611802825,-19.3697097962003,-13.2302825416986,-69.1874376429861,-73.764709912684,-54.0034567638921,-74.990426932471
370,18500,-26.6666603626614,-39.8227997397886,-19.623967381069,-18.9367429292223,-61.1397852138887,-75.0037043061025,-24.1571659517525,-45.6516023734259
371,18550,-46.8710786199962,-38.6160942099272,-17.3744661724673,-15.7904803284027,-77.2366714539397,-69.1427707675365,-28.9065799736901,-46.160258915949
372,18600,-23.8160300763666,-39.8798089829951,-19.4790474463518,-13.6595669711538,-62.715331974024,-75.6056734289872,-39.2042547076429,-45.7282754834723
373,18650,-21.6201372277777,-31.9413994689617,-18.4203004622001,-15.0508739433104,-62.0967804009114,-37.5163847226011,-73.6614621551233,-45.1906583375729
374,18700,-21.8669093154781,-54.0122147519292,-18.673992648387,-15.0163543414546,-75.9324227569888,-73.9771110794586,-117.759873880274,-44.9426541839693
375,18750,-39.7603789677773,-42.0496156588858,-20.0507998701183,-17.2008698150041,-76.7488594043633,-74.4318468064103,-33.472960377297,-45.7415839537824
376,18800,-24.2841497609659,-28.4682062790605,-14.7919566062936,-17.8376575490808,-71.0630021677727,-72.8717578126538,-29.6883779924536,-44.9851825528352
377,18850,-19.5331813693063,-68.536275903063,-20.103102299193,-16.4920998040448,-77.8762217627109,-74.1889014248647,-66.1052866766609,-44.8074351685078
378,18900,-31.8180319039889,-41.6804852374175,-18.3035004011609,-18.2765385991129,-65.6283885689432,-76.3338218110782,-53.9003125854191,-47.9118090897232
379,18950,-30.5610497700665,-31.970917095337,-18.8085231607902,-13.0816794476926,-74.2342303533874,-69.7143320070093,-80.3809466088551,-45.1865437863377
380,19000,-21.3963640059426,-31.4016574933337,-19.7333091473533,-13.4572914695443,-51.7160927708189,-80.1133311404184,-34.3653591912453,-47.235563445762
381,19050,-20.9261897334849,-44.6565188520029,-15.388249231475,-13.3098220543344,-73.3992677415324,-74.9913769085316,-40.4422016275487,-35.9421153883033
382,19100,-20.2471342525126,-40.498257086851,-19.7521305873601,-16.5625689185366,-55.1752169250798,-29.7039388273013,-69.3096269827241,-44.2090713390208
383,19150,-22.6913992696564,-31.6785825064759,-18.7260645224852,-12.967642972829,-76.3681418599368,-33.6446183262989,-118.925573409737,-78.8317731113065
384,19200,-22.2066777578975,-49.3715454592208,-18.6535898366519,-14.1997566949734,-73.5537659748476,-68.4779696453302,-89.0524532243401,-46.0742579150992
385,19250,-21.0512303114198,-28.3099477450271,-12.7372877883735,-18.5629654500181,-57.0989549350469,-32.3725991314098,-87.7084380511548,-78.9187274355491
386,19300,-25.1273097039176,-38.3266809620216,-15.9001883463769,-18.9846214897996,-61.0541670552525,-75.1934067678489,-57.0658270279041,-47.1883591924181
387,19350,-28.8474682611219,-35.7189122919031,-20.3949747229682,-17.8152327298869,-64.8291735378748,-35.7187837833267,-117.260422712188,-43.6768340558834
388,19400,-25.4959131173296,-34.8808542652514,-17.6830637639765,-18.9050978156741,-65.196647463812,-71.9182475075605,-32.3451484597672,-39.5319042815716
389,19450,-23.7260031195923,-36.3357863510119,-16.9894150480378,-19.0651317342996,-49.5025596476596,-73.0493835085558,-109.329889325523,-41.54747002348
390,19500,-30.0987080411538,-41.3184009473881,-15.0124461721847,-14.3155357470293,-51.0483738904643,-71.0085469207943,-53.3800142695473,-47.9065432915702
391,19550,-30.5975309900377,-37.4368085677561,-21.9397210184273,-14.3526943930127,-64.0486323293757,-73.1005666566198,-83.9353721389594,-39.5684514095886
392,19600,-32.3322493449595,-37.3011231466514,-18.811770137347,-12.7155551678404,-43.6494840173483,-72.0564065819517,-38.238852255554,-34.9725475399238
393,19650,-19.1715750128118,-39.612414692308,-18.4232509762163,-17.6894492101004,-75.5495580102488,-41.857385740213,-71.5165068254556,-46.0803402118544
394,19700,-19.3275085242618,-28.7849774186148,-17.6820053646826,-18.3543785072077,-72.5775565832011,-70.4826216257153,-114.282349008278,-59.1323079394713
395,19750,-20.7398759416108,-26.97216175742,-18.3089890719215,-20.1253012211822,-44.110187899069,-78.6315781110289,-45.4117929032673,-46.4295878306317
396,19800,-26.4120017731698,-38.4250628180613,-17.1583462752304,-16.702557016426,-43.5862629907218,-69.9303854519301,-100.101571451054,-47.3839773687751
397,19850,-28.2279071360293,-37.2230662618943,-16.6136379179188,-18.8116189129846,-74.7493003399183,-72.9289114094212,-28.1281157957268,-39.4785716232874
398,19900,-30.5922207965557,-37.3601800374163,-18.7964860862443,-17.3499725026203,-50.571871826609,-71.247614049343,-51.0426173193438,-46.7617889364835
399,19950,-27.0105947921158,-42.3041588882212,-13.8411744106728,-18.0693458007981,-74.9531320462781,-29.4409885437759,-32.0847202498186,-47.6748334838352
400,20000,-20.8305446248242,-44.73822687657,-18.6681800817461,-15.7957051432623,-75.1364879277558,-76.591043138897,-52.7151135283187,-35.7550761906517
401,20050,-20.7125241531894,-38.5256271359817,-16.409365436986,-16.8290476347343,-69.226312464636,-72.2407330203325,-74.4052355747531,-47.1560153541239
402,20100,-21.0251162840801,-40.7637075252854,-17.711504159112,-19.7656067895803,-77.0716751086565,-73.0687434850407,-34.4172384270403,-44.0448609494394
403,20150,-11.7528584495224,-40.0456312840203,-16.0096384383249,-13.2015686859936,-58.7066287774178,-78.9123024536555,-68.4729212380868,-45.1776585304957
404,20200,-22.7275912749271,-43.0538918731178,-18.1690738821306,-18.3887184900622,-74.5814196913874,-72.838438138854,-40.9574198083344,-41.525622050934
405,20250,-34.2499237416796,-39.8351826482034,-18.0775099999592,-17.2580596536947,-41.4847577741964,-73.9625979830094,-35.2031354538345,-45.2520352119666
406,20300,-21.3451464228794,-41.875303528975,-19.1490141699468,-15.8825327361511,-71.8229913531748,-72.9158636712729,-41.4320147093025,-48.4788384029684
407,20350,-29.5507024008704,-38.0735330579479,-20.1991632253909,-18.5761180169031,-52.6517681310521,-71.376780993065,-35.4035209335863,-63.1013732993062
408,20400,-23.5883254764557,-41.912527614651,-16.7867317079564,-19.1096952292506,-47.4356043526344,-75.3639940910151,-32.0223432281313,-43.0306518755465
409,20450,-29.0221237025036,-28.3587230163257,-17.4340845930217,-16.9139806223921,-74.1541097093651,-82.2088446535392,-32.7512055480224,-46.4290971164095
410,20500,-20.8995620657226,-40.9764627089901,-14.0629480336112,-15.9350834726784,-74.0289377540501,-70.7708108179766,-52.5852799797278,-61.3761242952801
411,20550,-21.8024569239696,-44.7641771270607,-13.0920011230345,-16.3524975933484,-68.0375704619459,-76.9401731228906,-34.8832617400448,-59.3783869796419
412,20600,-20.7741775371498,-35.8706454425655,-16.8232454523786,-14.3376376835161,-56.5882993302874,-71.4376298429397,-96.6008083763959,-58.4901304153788
413,20650,-24.349361809811,-41.5497648668676,-18.9603301572985,-15.3601287055611,-51.8816494202226,-73.8921530208449,-53.4167005763879,-45.1702190844585
414,20700,-26.1975638165055,-35.8624026399764,-16.5744099527161,-16.7668113795669,-72.8422855464937,-66.0280726523958,-69.5518475896512,-43.2358242114932
415,20750,-29.5073646509818,-43.1341792667118,-21.6898410656291,-18.5844852966767,-45.7033107332184,-62.2383685131977,-35.1742376618635,-45.0530473157742
416,20800,-34.9036285099279,-44.0890258986438,-17.5270623463079,-14.7361314955871,-70.3399849373351,-76.0568240165027,-82.7119467193124,-45.3762197235514
417,20850,-37.1894891379183,-42.4322767171759,-18.0104220000057,-15.8579648374086,-72.3669874513367,-64.9330732881518,-33.8137615490491,-47.7197163666785
418,20900,-30.434040334906,-42.0081866018985,-17.4771548036609,-16.3924673638987,-40.1474282817326,-71.4792332033182,-105.911216256925,-47.2634765897201
419,20950,-28.1673409435079,-28.9696851243711,-13.7631349464084,-19.2556882806465,-72.5636269308794,-74.6704499311833,-69.90874079479,-48.0216568305711
420,21000,-20.0681224597319,-42.1394647796478,-15.6308174045201,-19.2400572133525,-72.2769768046094,-71.4856241155212,-75.8080516943928,-37.7008376069659
421,21050,-21.5594483262737,-34.1662327227569,-16.7278320370301,-18.5220748852183,-73.7343586924481,-73.0968045296317,-71.0968825813246,-37.1188720014861
422,21100,-32.3752765334286,-38.9045163380926,-20.1854959652928,-20.7543268703923,-70.2903046780249,-60.7119815530686,-92.9374329093518,-45.8580624320543
423,21150,-36.4396239709765,-42.1198040609953,-18.7924364087663,-18.5875016901144,-73.8156115146202,-70.4689508480716,-89.8240924162561,-48.387587219969
424,21200,-25.0638073144294,-35.1933389387021,-16.4703174746514,-15.900429117094,-70.6818094689367,-71.7007787038869,-65.9254161238114,-35.8791596123073
425,21250,-30.1288121253178,-44.3225494642467,-18.5509359002862,-20.5301774117042,-61.7339248718695,-65.2557925982033,-80.0457694806586,-46.7122913190561
426,21300,-33.3222937231521,-33.7760500955433,-17.0560732893841,-20.2237262244318,-90.3004554968249,-68.0726148833543,-32.4755960519688,-49.4619595219781
427,21350,-22.8261775062451,-42.4872435923638,-10.9937420699372,-16.6258197110467,-32.5710385479659,-74.4933521116309,-52.052465793799,-64.7215482302635
428,21400,-23.1044192618691,-36.5815483718722,-19.017045019778,-17.0153651688928,-61.4006833698619,-65.1120201800848,-33.3727193015962,-47.1062888102509
429,21450,-28.026490721875,-44.1951166041279,-17.8536150698172,-16.3439874748834,-68.4970156311713,-70.1419621472478,-37.9260934512402,-41.6320246014523
430,21500,-28.9911430228607,-40.5769964992303,-21.0041547313578,-19.5979697728741,-71.420599094007,-34.5669579120692,-34.2356579295454,-43.0452176480959
431,21550,-23.9341461345142,-43.8401972835574,-20.1933720961578,-17.3209082542779,-70.2127111267359,-62.7757062909851,-27.6763955847346,-47.9684213603542
432,21600,-27.1054693489829,-41.6179992793394,-13.3892989025549,-16.0385458881411,-75.8616833074664,-70.9845951878005,-50.402622816432,-47.3221901436625
433,21650,-28.4614357306058,-30.3967875182349,-16.6780299507593,-19.1822789461362,-55.7191319225366,-83.3663835293325,-69.082474720424,-60.724260094458
434,21700,-29.7432541540276,-38.6479061940861,-16.2971670307141,-20.5817750968553,-41.610502410979,-56.2937745272512,-50.578893932705,-35.1400572620322
435,21750,-25.6701027625432,-30.7798422594875,-17.3778845421526,-16.4133694236618,-43.9481613747003,-69.9189954747066,-51.0472124673926,-57.0139415147062
436,21800,-22.6049071851119,-36.0224226558993,-18.5439143007507,-17.3424980402943,-69.2227382715109,-68.9123701480263,-110.246057526009,-45.9969043858262
437,21850,-10.417547685087,-32.9255195752053,-18.1279730673278,-15.9307943770173,-67.7543142970526,-35.6586250077842,-82.1608646311924,-47.5174300530376
438,21900,-29.7903552384817,-33.7903002872604,-18.4055777305658,-18.173586991153,-63.9222632723047,-69.9950837390964,-30.7966728214157,-45.418406121894
439,21950,-14.0787813200808,-39.3497448929977,-17.6715529077767,-17.5314894328212,-48.5506395093543,-63.9814335838822,-70.9144895223486,-48.141970543124
440,22000,-27.4186096983003,-40.8461328234347,-16.7603929320742,-18.3415730583288,-71.8956269185033,-34.5677761556343,-24.5196652821196,-48.445078541763
441,22050,-33.664895509718,-36.2090954399293,-19.3678422219755,-18.3268311044047,-41.4338127821939,-61.793749729256,-52.4209013181944,-45.5867762008945
442,22100,-29.3284421172736,-40.6746535216177,-15.0036183005188,-15.7443102118619,-57.4124993207922,-68.1228828080145,-33.8164894686436,-43.7329230377019
443,22150,-34.1462674437995,-34.600830009684,-19.7427551784044,-17.7323094762698,-44.5613428685585,-67.667622614591,-73.1980986726757,-48.5818413274352
444,22200,-24.4117203493415,-42.0203904967553,-17.1073749201946,-20.1633194347947,-66.6786273080511,-66.9075818792685,-37.7250164813804,-36.7971219856148
445,22250,-24.7340551555574,-38.8688324031182,-16.7808129780464,-19.6166816172862,-45.0573847814473,-67.6028268803453,-65.4788606553629,-47.6772789741237
446,22300,-29.4577845639423,-38.0044440158953,-17.0448780842844,-17.5314540397643,-38.393565115938,-65.3355361317202,-65.1448406563281,-46.706931582772
447,22350,-32.1748524868314,-43.1777729670214,-18.0076728735404,-17.6581090499663,-41.015274583465,-72.7518417388732,-34.1513492079793,-49.945899538719
448,22400,-31.3390435382258,-42.6817461266585,-19.6099341053552,-18.0212153939611,-71.1640349515425,-66.2259326261043,-51.8907712594325,-57.1319805891884
449,22450,-39.2420350058802,-31.8243625416376,-17.2132652170862,-19.1937962611789,-38.4935665991655,-64.258662193171,-63.251196651157,-40.3188440687139
450,22500,-43.075228102715,-37.8619384993058,-14.4296095030456,-19.7106637257509,-44.1604648206142,-69.3622077757638,-76.2110395769605,-45.3880018680466
