"","exp","valence","arousal","dominance","liking","familiarity","VAQ"
"1",7,6.4,7.7,6.6,6.5,3,1
"2",4,5,3,4,3.1,4,1
"3",40,3,3.1,5.6,1,1,4
"4",17,3,2.9,2.7,1,1,2
"5",23,1,5,4,1,1,3
"6",2,1.7,6.4,6.1,1,2,1
"7",32,2.4,5.8,6.2,1,1,4
"8",14,8.9,2.6,2.7,7.8,5,2
"9",18,5.9,2.4,4.2,5,4,2
"10",25,3.8,3.2,3.7,4.4,1,3
"11",13,7,2.1,2.8,5,1,2
"12",1,7.5,6.1,6.7,8.8,5,1
"13",39,1,8.3,8.2,1,1,4
"14",6,6.7,6.1,4.7,6.9,2,1
"15",20,9,7.1,7.5,9,5,2
"16",36,2,6,6.5,1,1,4
"17",9,6.9,5.8,4.8,7.4,4,1
"18",37,1,6.8,6.6,1.2,1,4
"19",27,5.3,2.1,2.8,5.2,2,3
"20",3,7.6,6.6,4.8,8.4,5,1
"21",24,1.5,6.9,7.6,6.6,5,3
"22",26,3,1.5,5.2,2,1,3
"23",11,7.5,5.3,4.9,6.1,1,2
"24",34,3.5,6.8,6.6,2.4,1,4
"25",31,1.2,6.9,8.5,1,1,4
"26",10,3.1,7.1,6.5,5,1,1
"27",15,6.2,2.7,3,6.1,2,2
"28",33,2,3.4,6.5,2.1,1,4
"29",8,7.7,5,5.7,8.8,5,1
"30",28,3.6,1.8,2.8,2.8,1,3
"31",38,1,7,8.6,1,1,4
"32",19,7.2,5.6,5.7,7.3,4,2
"33",22,5,5.1,5,3.4,1,3
"34",30,3.2,7.1,7.1,5.6,2,3
"35",12,6.7,2.9,2.9,6,1,2
"36",29,5,4,5,4.4,4,3
"37",21,3.3,3,3,2,1,3
"38",5,7.5,6.3,6.9,8.2,5,1
"39",15,6.9,3,6.3,6.6,1,2
"40",19,7.6,6.4,5.9,7.6,4,2
"41",33,3.4,6,6,2.1,3,4
"42",40,3.2,5.8,5.4,2.2,2,4
"43",28,3.8,3.6,5.7,3.9,1,3
"44",24,2.4,3.6,6.3,2.6,4,3
"45",21,3.5,3,4.2,2,1,3
"46",14,6.2,3.6,5.7,6.7,4,2
"47",39,2,6.1,6.4,1.1,1,4
"48",11,6.7,4.3,4.6,6,1,2
"49",5,6.8,6.2,6.1,7.9,5,1
"50",6,6.9,5.6,5.7,8,1,1
"51",18,7.5,6.1,6.2,7.6,4,2
"52",25,7.2,2.7,6.1,7.3,1,3
"53",38,2.1,6.3,5.6,1.2,1,4
"54",4,7.1,6.1,5.9,8.3,5,1
"55",29,3.3,5.5,5.7,3.4,4,3
"56",12,7,1.9,6,7,1,2
"57",26,3.6,1.1,6.1,2.8,1,3
"58",1,6.6,5.9,6.1,6.3,5,1
"59",13,6.4,2.5,6.4,6.3,1,2
"60",17,6.7,3.7,5.2,5.9,1,2
"61",34,2.8,5.8,6,1,2,4
"62",9,6.2,4.9,5.5,7.1,4,1
"63",27,6.3,2.8,5.8,6.4,1,3
"64",31,2.9,5.9,6,2.3,1,4
"65",32,4.4,5.5,4.6,4.3,1,4
"66",37,2.4,6.3,6.3,1.4,1,4
"67",20,7.3,3.5,6.4,7.8,1,2
"68",23,3.2,5.4,4.7,3.5,1,3
"69",2,6.1,5.8,6,7.8,5,1
"70",22,7,1.8,6.3,7.4,1,3
"71",10,3.5,5.8,6.2,3,1,1
"72",36,2,6.1,6.4,1,1,4
"73",30,3.3,2.9,5.8,2.7,4,3
"74",8,7,3.9,6,7.4,5,1
"75",3,6.6,5.9,5.6,7.9,3,1
"76",7,7.9,5.9,6.1,8.3,5,1
"77",6,8.9,7.1,4.8,9,1,1
"78",21,1,3.2,2.6,1,1,3
"79",34,2.9,7.8,7.5,9,2,4
"80",38,3.2,8.1,7.7,9,1,4
"81",2,8.1,5.9,5,8.9,1,1
"82",31,2.1,3.3,7.1,9,1,4
"83",12,5,1.8,5,5,1,2
"84",1,5,1,5,1,1,1
"85",32,4.1,6.3,6.7,8.9,1,4
"86",23,1.9,1,5,1,1,3
"87",25,4.2,1.1,5,1,1,3
"88",40,7,7,6.7,9,1,4
"89",13,3.5,1,5,1,1,2
"90",17,1.8,1,5,1,1,2
"91",26,5.4,1,5,5,1,3
"92",20,7,4,5,9,1,2
"93",14,5,3,5,5,1,2
"94",7,6.6,6.8,6.2,9,4,1
"95",11,7.2,3.6,5,9,1,2
"96",28,2.4,2.2,5,1,1,3
"97",15,7.1,5.4,4.6,8.9,1,2
"98",8,3.5,2.2,5,1,1,1
"99",9,6.2,5,5,8.9,1,1
"100",36,3.2,6.2,6.5,9,3,4
"101",39,2.9,7.6,7.9,9,1,4
"102",29,3.8,2.1,5,1,1,3
"103",24,2.4,2.6,5,1,1,3
"104",33,5.8,5.7,5.7,5,2,4
"105",3,2.9,2.1,5,1,3,1
"106",19,2,1.1,5,1,1,2
"107",18,1.1,1,5,1,1,2
"108",10,6.6,7,6.8,9,1,1
"109",22,6.2,3.1,5,5,1,3
"110",27,4,2.9,5,1,1,3
"111",4,5,2,5,1,1,1
"112",30,4.4,4.8,5,1,1,3
"113",37,1.7,3.1,3.7,1,1,4
"114",5,1.6,4.4,5,1,1,1
"115",17,4,3,6.6,6.7,1,2
"116",2,8.7,7.7,3.1,8.5,5,1
"117",12,5.2,2.7,8.7,2.6,1,2
"118",23,1.6,5.7,2.5,1,1,3
"119",30,2.8,6.5,5.3,7,3,3
"120",40,6.5,7.6,4.2,5.6,1,4
"121",22,5.5,2.6,6.3,6,1,3
"122",19,8.2,7.5,3.2,6.5,3,2
"123",25,2.6,1.7,4.2,4.1,1,3
"124",1,7.8,7.3,5.3,7.1,4,1
"125",3,8.3,8.2,2,8.4,3,1
"126",4,8.5,6.8,4.6,7.6,2,1
"127",18,8.6,3.4,4.1,7.8,2,2
"128",14,8.5,4.3,2.5,8.5,4,2
"129",11,9,8.7,1.5,9,1,2
"130",28,2.3,3.6,3.7,6.6,1,3
"131",5,8.3,8.8,3.4,8.6,4,1
"132",31,3.7,7.6,3.1,2.2,1,4
"133",9,8.8,7.4,3.1,8.5,3,1
"134",10,6.3,8.6,3.7,7.9,2,1
"135",32,1.8,8.2,1.4,1.4,1,4
"136",15,7.4,1.7,6.1,5.3,1,2
"137",27,6.5,3.6,7,5.7,1,3
"138",29,3.9,4.1,6,4,1,3
"139",34,1.9,5.4,3.3,2,1,4
"140",33,3.5,6.3,6,4.1,1,4
"141",6,8.9,8.2,2.1,8.6,4,1
"142",8,8.5,6.6,3.3,8,3,1
"143",20,8.6,8.4,1.9,6.8,4,2
"144",37,1.2,8.7,1.2,1,1,4
"145",26,6.4,3.1,4.4,6.4,1,3
"146",39,2.4,7.4,2.3,1.9,1,4
"147",36,3.6,5.7,5.3,2.8,1,4
"148",21,2.5,3.5,7,3.2,1,3
"149",24,3.8,4.4,3.2,7.1,2,3
"150",13,7.6,1.9,2.4,7.3,1,2
"151",38,1.4,7.2,1.8,1.3,1,4
"152",7,6.5,7.9,4.3,7.6,3,1
"153",27,5.3,5.2,8.9,6.9,1,3
"154",5,8,7,4.7,8.1,1,1
"155",22,6.9,5.3,5.7,8.2,1,3
"156",11,6.9,5.3,7.7,5.2,1,2
"157",6,6.1,6,7.8,7.7,1,1
"158",7,4.1,5.7,8.3,5,1,1
"159",19,7,5.4,8,6.8,1,2
"160",24,4.1,6.8,7.2,8.3,1,3
"161",26,4.8,4,8.2,4.3,1,3
"162",2,5,5.9,7.6,5.8,1,1
"163",28,4.4,5,8.5,7.3,1,3
"164",15,6.7,3,8.3,7.9,1,2
"165",9,7,6.9,7.2,8,1,1
"166",4,6,3.7,8.1,5.5,1,1
"167",20,7.2,6,7.3,8.7,3,2
"168",21,3.4,4.2,8.3,2.3,1,3
"169",12,7.6,5.9,7.3,8.7,1,2
"170",14,7.8,5.7,6.9,8.4,1,2
"171",13,5.8,3,8.7,5.3,1,2
"172",40,3.2,5.7,8,3.5,1,4
"173",8,5,6,8.2,7.3,1,1
"174",29,4.2,5,8.6,6.5,1,3
"175",23,3.3,3.2,8.7,5,2,3
"176",30,3,6.3,7.6,8.3,2,3
"177",34,5.7,7.5,6.9,7.4,1,4
"178",37,2.3,6.5,6.5,8.5,1,4
"179",25,5,4.5,8.4,3,1,3
"180",33,4,4.1,8.7,5.7,1,4
"181",38,2.1,5.4,7.6,6,1,4
"182",1,7.6,5.5,8.3,8.6,1,1
"183",39,2,6.3,7.6,7.1,1,4
"184",31,4.6,5,8.3,5.3,1,4
"185",17,5,4,8.8,3.4,1,2
"186",36,3.8,4,8.8,5.9,1,4
"187",10,4.2,6,8.3,6.5,1,1
"188",32,3.6,4.2,8.5,6.9,1,4
"189",18,6.9,5.6,7.5,7.8,1,2
"190",3,7.8,6.5,7.4,8.8,2,1
"191",6,3.4,6.7,4.1,2.6,1,1
"192",27,4.1,4,3.8,3.2,1,3
"193",9,7.5,5.6,3.7,6.9,3,1
"194",30,1.5,3,3.7,5.4,5,3
"195",20,7.4,5.3,4.2,7.9,5,2
"196",34,3.2,7,4.1,1,1,4
"197",7,2.4,3,3.5,1,3,1
"198",24,3.1,3,3.6,7.5,5,3
"199",5,6.9,4.6,3.1,7.3,4,1
"200",15,5,3.2,3.6,3.6,1,2
"201",13,5.4,3.1,3.6,5.8,1,2
"202",37,1.1,9,1.6,1,1,4
"203",33,4,5,2.8,1.2,1,4
"204",36,4.2,5.4,2.7,1.1,1,4
"205",38,3.8,5.5,3.4,1,1,4
"206",40,3.7,5.6,2.8,1.1,1,4
"207",39,3.1,6.2,3.4,1.1,1,4
"208",19,5.3,5.2,3.6,7.3,3,2
"209",18,6.4,4.4,3.2,7.3,4,2
"210",8,6.5,4.4,3.2,8.8,4,1
"211",10,4.5,5.5,3,1,1,1
"212",32,3.2,5.7,3.1,1,1,4
"213",23,3.8,4.3,3,1.9,1,3
"214",21,4.1,4.1,2.7,5.3,1,3
"215",14,6.2,5.5,3.4,9,5,2
"216",12,6.6,4.6,3.5,6.8,1,2
"217",29,4.6,5.3,3.7,9,5,3
"218",22,5,4,3.2,6,1,3
"219",25,4.8,3.7,2.9,8.9,5,3
"220",1,6.9,3.6,2.6,6.8,5,1
"221",2,5.1,4.1,3.3,5.8,1,1
"222",3,7.1,5,3.2,8.6,5,1
"223",28,5,2.9,3.1,7.6,4,3
"224",17,5,2.4,2.5,2.2,1,2
"225",11,5.8,3.1,2.8,7.8,2,2
"226",26,5,1.7,3,3,1,3
"227",31,3.1,2.6,3.8,1,1,4
"228",4,6.5,4,4,8.8,4,1
"229",22,3.2,3.2,6.6,5,1,3
"230",15,5,5,5.7,3,1,2
"231",23,4.5,2.9,7.2,7.2,1,3
"232",5,7.3,3,7.7,9,3,1
"233",26,5,5,5.9,2.5,1,3
"234",1,4,5,6.2,2.8,1,1
"235",29,6.4,4.6,6.1,7.1,2,3
"236",31,4.6,3.2,6.5,5,1,4
"237",37,4.4,3.8,5.3,5,1,4
"238",4,4.4,3.6,6,3.4,1,1
"239",25,3.7,4.7,5.5,3.1,1,3
"240",7,7.2,5.7,5.3,9,5,1
"241",27,5,4.8,5.7,2.7,1,3
"242",12,6.1,4.1,5.9,7,1,2
"243",30,5,4.1,5.7,3.6,1,3
"244",8,6.1,3.9,6.2,7,4,1
"245",9,6.9,3.8,6.8,9,5,1
"246",28,5,2.3,5.8,4.9,1,3
"247",24,5,4.4,6,3.4,1,3
"248",13,5,3.1,6.3,3.4,1,2
"249",10,6.6,4.5,6.1,7.7,2,1
"250",6,6.8,4.9,4.8,9,3,1
"251",36,6.5,4.4,5.5,7.1,2,4
"252",38,6.2,4.8,5.1,6.5,1,4
"253",40,6.1,5,5.3,6.9,1,4
"254",32,6.3,3.8,5,6.5,2,4
"255",33,5.1,3.6,6,3.6,1,4
"256",11,6.4,4.4,5.7,6.9,2,2
"257",39,5.8,4.7,5.3,5,1,4
"258",17,5,4.8,5,4.2,1,2
"259",19,6.9,5.1,4.8,9,1,2
"260",2,7.9,5.1,4.5,9,5,1
"261",20,7,4,6.5,9,5,2
"262",14,7,3,6.7,9,5,2
"263",34,5.5,5.7,4,5.9,1,4
"264",18,7.1,4.6,4.1,9,5,2
"265",21,5,3.1,4.5,2.7,1,3
"266",3,7.1,5,6,9,5,1
"267",30,2.8,1,6.7,8.9,4,3
"268",21,3,3,4.7,1,1,3
"269",10,5,3.1,6.8,1,1,1
"270",28,3.5,5,6.6,6.6,1,3
"271",12,7.1,3,6.7,9,1,2
"272",7,7,6.9,4.7,9,1,1
"273",39,5,1.1,6.8,1,1,4
"274",15,5,3,6.8,6.9,1,2
"275",6,6.9,5,6.7,7.3,1,1
"276",22,3,1.8,6.6,8.9,1,3
"277",23,2.2,6.8,4.6,2.7,1,3
"278",3,6.1,2.7,6.7,7,1,1
"279",26,5,2.2,9,2,1,3
"280",36,1.1,2.9,6.6,1,1,4
"281",31,2.1,1.9,7.7,1,1,4
"282",37,1,3.2,5.8,1,1,4
"283",14,4.2,1,6.8,3,1,2
"284",25,4.1,2.5,6.7,8,1,3
"285",38,3.1,1.5,6.8,1,1,4
"286",34,5,1,9,1,1,4
"287",27,6.5,3,6.7,9,1,3
"288",4,7.1,3.4,5.6,9,1,1
"289",33,5.1,6.7,6.9,1,1,4
"290",40,5,5,6.7,9,1,4
"291",11,7,3,5.7,9,1,2
"292",8,7,4.4,6.8,9,1,1
"293",20,7,6,8.6,9,1,2
"294",2,3,3,8.2,1,1,1
"295",18,5,1.7,8.9,5.9,1,2
"296",19,6.5,5,7.9,9,1,2
"297",32,5,2.4,8,1,1,4
"298",24,3.1,5,6.9,8,1,3
"299",1,5,3.7,9,8.6,1,1
"300",5,5,1,9,7.1,4,1
"301",29,5,1,9,7.3,1,3
"302",13,6.5,1.6,8.7,7.7,1,2
"303",17,5.8,1.5,9,6.9,1,2
"304",9,6.2,3.8,8.1,9,1,1
"305",26,7.5,3,5.4,8.9,4,3
"306",3,6.4,6.9,5,5.6,3,1
"307",20,8.5,7.2,6.6,9,5,2
"308",25,5.2,4.4,2.8,2.1,2,3
"309",7,3.8,5.1,4.9,4,2,1
"310",4,6.1,5.9,5.4,6.5,3,1
"311",10,2.1,6.2,5.8,1,2,1
"312",21,3,3.1,6,1,2,3
"313",36,1.4,6.4,6.2,1,2,4
"314",9,7.2,6.7,6.7,6.7,3,1
"315",15,5.1,4.8,5.1,5.1,2,2
"316",29,4.2,5.9,6.4,6.9,3,3
"317",24,8.2,7.5,7.6,9,4,3
"318",13,4.7,3.5,2.6,2.5,1,2
"319",2,5.7,6.1,6.8,7.3,4,1
"320",30,2.7,7.6,7.6,6.5,3,3
"321",11,8.6,7,7.3,7.8,3,2
"322",27,7.3,7.5,6.6,7.1,4,3
"323",17,5.2,4.6,4.6,4.9,2,2
"324",19,6.9,5.5,5.7,6.7,5,2
"325",9,7.7,6.1,5.6,9,5,1
"326",6,6.7,5.7,5.6,6.9,1,1
"327",21,5.5,4.4,5.5,5.2,1,3
"328",13,6,4.5,5.8,5.5,2,2
"329",5,6.2,5.5,5.6,6.6,5,1
"330",31,5.7,5.5,5.3,5.4,1,4
"331",25,6,4.2,5.8,5.5,1,3
"332",12,6.1,4.6,5.3,4.6,1,2
"333",8,6,4.9,5.4,6.8,5,1
"334",7,5.8,5.1,5.4,5.7,5,1
"335",10,5.7,5.6,5,7.4,1,1
"336",36,5.8,5.5,5.9,7.2,3,4
"337",37,5.4,6.7,4.5,6.4,1,4
"338",38,5.6,5.4,5.7,5.7,1,4
"339",2,5.6,4.4,5.5,4.8,1,1
"340",27,5.5,4.9,5.5,4.6,2,3
"341",1,5.4,6.2,4.3,4.6,5,1
"342",29,6.5,6.4,4.4,8.8,5,3
"343",4,7.1,6.7,5.4,7.1,5,1
"344",18,7.4,3.9,4.8,9,5,2
"345",11,6.3,5.7,5.4,6.6,3,2
"346",14,7,5.7,5.6,7.7,5,2
"347",40,5.3,6.4,4.6,4.5,3,4
"348",23,4.1,4.2,4.3,3.9,2,3
"349",28,4.6,4,5.7,5.5,1,3
"350",22,4.3,5.1,4.8,6.1,4,3
"351",17,6,4.2,5.6,6.1,1,2
"352",32,5.7,6.3,4.3,6.2,2,4
"353",26,5.4,3.6,4.6,6.4,2,3
"354",20,6.9,5.9,4.5,7.3,5,2
"355",15,7.3,4.4,4.5,7.6,1,2
"356",34,5.8,7.1,4.1,6.6,3,4
"357",24,3.9,5.4,5.5,6.2,5,3
"358",33,6.1,7,4,6.5,4,4
"359",30,2.5,5.8,3.7,2.6,3,3
"360",39,3.8,6.9,4.2,4.2,2,4
"361",3,7,6.5,4.1,7.4,5,1
"362",14,6.9,5,6.5,8.7,5,2
"363",6,7.9,6.6,7.3,8,4,1
"364",12,7.7,1.8,4.1,8.8,1,2
"365",19,6.7,5,6.7,6.5,5,2
"366",13,6.7,2.8,7.2,7.4,2,2
"367",38,6.3,6.8,6.5,5,3,4
"368",1,7.7,7.3,6.3,7.4,5,1
"369",11,9,5,7.1,8.8,1,2
"370",5,8.6,6.4,8.2,8.8,5,1
"371",8,8.2,5,7.2,8.1,5,1
"372",21,3,3.2,6.8,7,3,3
"373",33,6.1,6.2,8,6.5,4,4
"374",4,9,6.4,6.8,7.6,5,1
"375",29,3.9,6.8,4.3,8.4,5,3
"376",22,3.8,3.6,5.4,2.9,1,3
"377",9,8.1,6.3,6.5,9,5,1
"378",26,3.7,3.8,6.9,5.2,1,3
"379",32,5,5.9,5,5,2,4
"380",28,3.5,5,5.6,6.6,1,3
"381",30,2.2,6.3,4,5,5,3
"382",2,6.4,6.4,6.6,6.9,5,1
"383",40,5.9,7.1,7.1,6.7,3,4
"384",3,6.9,4.8,5.7,6.7,5,1
"385",39,5,6.8,6.9,3.8,2,4
"386",24,3.3,3.7,6.9,6,5,3
"387",37,3.1,7,3.7,1,1,4
"388",31,5,5,8.5,4.1,1,4
"389",20,6.5,5,6.6,3.5,1,2
"390",23,5,5,5,5,1,3
"391",15,9,5,6.6,7.1,1,2
"392",25,6.9,3.1,6.9,7.1,1,3
"393",7,7,6.5,5.5,7.2,5,1
"394",34,4.4,6.3,6.9,2.4,2,4
"395",17,3,4.9,5,5,4,2
"396",10,5,7.2,7,6.2,3,1
"397",36,3.4,6.9,6.5,5,1,4
"398",27,7.2,6.1,6.6,6.8,1,3
"399",18,9,6.8,7.9,9,5,2
"400",8,2,3.9,9,1,5,1
"401",36,6.1,4.3,9,5.8,1,4
"402",19,7.6,2,7,7.2,5,2
"403",29,5.9,1.5,7.3,7.6,5,3
"404",14,4,4.5,9,3.4,5,2
"405",7,9,6.9,9,9,5,1
"406",34,5.3,3.9,7.6,5.7,1,4
"407",6,6.8,4.1,9,7,4,1
"408",24,1,2.6,4.7,6.5,5,3
"409",18,6.3,2.2,6.5,6.2,5,2
"410",37,7.1,6,9,6.3,1,4
"411",13,6,3,9,5.8,2,2
"412",5,5.8,2.4,8.1,5.7,5,1
"413",30,7,3.2,7.1,9,2,3
"414",3,6.3,3.7,9,5.9,5,1
"415",32,5.9,3.6,7.5,6.7,4,4
"416",33,4.5,3.3,9,4.8,1,4
"417",40,5.9,3.6,7.5,6.6,1,4
"418",26,5,3,9,5.4,2,3
"419",21,3.4,5.6,9,2.6,1,3
"420",27,6,3.1,7.2,6.3,1,3
"421",22,3.6,2.7,9,4.7,1,3
"422",1,2.2,6.7,9,2.5,5,1
"423",12,5.8,1,7.3,5.5,1,2
"424",25,6.1,3,6.1,6.7,1,3
"425",10,6.7,3.2,6.8,7.5,2,1
"426",2,9,7,5.3,9,5,1
"427",23,4.5,3,9,5.7,1,3
"428",39,5.4,4.3,7.1,6.5,1,4
"429",38,5.5,4.3,7.1,6.5,1,4
"430",9,4,2.3,8.9,4.4,5,1
"431",11,6.2,2.3,7.2,5.8,4,2
"432",17,6.1,3.1,7.1,6.2,5,2
"433",20,6.5,2.9,5.9,6.6,5,2
"434",28,4.2,2.3,8,4,1,3
"435",15,4.5,3,9,3.2,1,2
"436",31,4,4,9,3.1,1,4
"437",4,5,3.4,9,5.8,5,1
"438",12,5.9,3.1,5.9,5.7,1,2
"439",15,4.3,3.4,5.9,4.3,1,2
"440",19,7.7,6.7,6.1,6.9,4,2
"441",10,6.3,7.2,6.6,5.8,1,1
"442",32,4.4,4,5.5,3,1,4
"443",18,6.9,5.9,6.1,8.2,3,2
"444",23,4.6,4.5,5.6,6.2,1,3
"445",13,5,4.3,4.1,3.3,1,2
"446",6,5.8,4.5,3.8,5.5,1,1
"447",37,5.5,7,5.5,3.9,1,4
"448",40,5,5.9,4.3,5.5,1,4
"449",39,4,5.8,5.7,4.1,1,4
"450",29,5.5,5.8,4.2,4.6,1,3
"451",2,6.2,6.2,5.4,6.4,5,1
"452",30,6.1,6.6,6.4,7.2,4,3
"453",36,3.3,5.8,4.2,4.1,1,4
"454",7,7,6.9,7.1,8.2,5,1
"455",20,7,5,5.9,7.6,1,2
"456",31,5,5.1,3.7,5.7,1,4
"457",5,7.7,7,5.5,7.7,5,1
"458",11,6.8,5.8,5.7,6.2,1,2
"459",33,4.5,6.5,4.2,4.4,1,4
"460",1,6.5,6.4,6.3,7.6,5,1
"461",24,3.3,5.5,5.6,7.3,3,3
"462",26,5,3.5,3.7,3.8,1,3
"463",34,5.8,8.2,6.7,5.9,1,4
"464",3,7.5,8.3,6.5,7.7,5,1
"465",4,6.2,6,5.5,6,1,1
"466",38,5,6.8,5.5,4.1,1,4
"467",17,5,3.6,3.5,5.3,1,2
"468",22,4.2,5.2,5.8,6.1,1,3
"469",14,7.6,6.9,6.4,7.5,5,2
"470",25,5,5,4.1,5.7,1,3
"471",28,5,4,3.7,5.5,1,3
"472",8,6.8,7.1,5.9,7.7,5,1
"473",21,4,4.1,5.6,5.7,1,3
"474",27,5.5,4.2,4.2,5.7,1,3
"475",9,7.2,6.6,6.4,7.4,4,1
"476",6,7,7.2,7.1,7.1,4,1
"477",31,6.1,7,6.8,2,1,4
"478",23,4.8,6.7,6.8,3.8,1,3
"479",14,7.4,6.2,7,7.5,4,2
"480",34,6.1,6.3,6.8,1,1,4
"481",37,5.7,5.6,6.7,1,1,4
"482",36,3.2,5.5,4.6,3.7,2,4
"483",1,5.1,7,6.4,6.4,4,1
"484",24,3.7,6.3,5.7,3.3,4,3
"485",22,5.7,5.4,6.7,8.7,1,3
"486",8,6,5.5,7.4,6.7,4,1
"487",17,5,6,7.4,6.5,2,2
"488",25,3.1,4.3,6.2,2.9,1,3
"489",27,4.1,4.4,5.6,3.7,1,3
"490",28,2.5,6.2,2.3,8.2,4,3
"491",30,3,5.9,3.5,5.5,2,3
"492",32,3.5,4.6,5.6,3.4,1,4
"493",39,3.4,5.3,5.4,1.6,1,4
"494",11,5.5,5.4,6,6.7,1,2
"495",40,5.9,5.6,7.7,1.4,1,4
"496",4,8,6.5,7,8.6,5,1
"497",29,6.4,5.6,5.8,6.6,5,3
"498",9,6.6,6.5,6.3,7.7,4,1
"499",39,6.6,6.5,5.6,3.6,1,4
"500",12,7.4,3.1,6.9,6.5,2,2
"501",18,7.9,2.8,6.2,7.7,5,2
"502",21,4.1,6.2,4.1,4.3,1,3
"503",31,4.3,5.7,4.6,4.5,2,4
"504",1,6.8,6,4.4,5.8,5,1
"505",4,8,7.6,3.2,8.5,5,1
"506",23,3.8,4.2,5.9,4.4,4,3
"507",19,8,6,6.2,9,5,2
"508",3,9,6.6,4.2,9,5,1
"509",40,6.3,4.2,5.6,5.4,3,4
"510",25,4.3,4.1,5.7,4,1,3
"511",5,7.5,5.4,4.4,8.3,5,1
"512",2,4.2,6.6,3.9,3,2,1
"513",6,5.3,6.5,4.3,3.3,2,1
"514",26,5.8,4,6.2,5.8,1,3
"515",14,6.5,4.5,5.7,6.8,4,2
"516",34,3.5,7.1,3.6,2.4,1,4
"517",17,5.5,5.4,5.4,5.7,1,2
"518",7,4,6.4,3.6,1,5,1
"519",37,1,7.8,2.5,1,1,4
"520",13,8.1,6,6.1,8.2,1,2
"521",32,4.6,6.2,4.3,3.9,2,4
"522",8,7.9,6.9,3.2,7.8,5,1
"523",24,2,6.1,2.8,8.5,5,3
"524",29,1.5,6.8,3.3,9,5,3
"525",11,8.5,6.2,3.8,8.3,1,2
"526",36,4,6.6,3.7,5.7,2,4
"527",30,1.5,7.2,2.5,5.6,4,3
"528",20,7.2,6.2,4.3,5,5,2
"529",27,7.2,6.7,3.7,7.4,3,3
"530",28,2.9,6.1,3.9,6.4,1,3
"531",10,3.4,7.1,3.4,2.7,1,1
"532",33,3.6,6.7,3.3,3.3,1,4
"533",22,4.8,4.5,6.3,6.8,1,3
"534",15,7.2,4.2,6,6.3,1,2
"535",38,2.4,7,3.5,1,1,4
"536",9,7.2,5.9,5.7,7.7,5,1
"537",1,8.6,6.2,7.6,6.8,3,1
"538",25,5.9,2.4,6.9,3.1,1,3
"539",36,2,6.6,1.3,1,1,4
"540",12,7.2,2.1,4.6,7.1,1,2
"541",23,3.5,3.1,2.1,1,1,3
"542",2,7.1,5,5,9,5,1
"543",21,5,5,5,3.3,1,3
"544",14,7.3,7,6.7,7.1,3,2
"545",5,6,6.2,6.2,6.7,3,1
"546",31,4.4,5.8,3.7,1,1,4
"547",30,5,5,5,4.2,4,3
"548",19,7.3,5,5.8,7.1,3,2
"549",26,5.9,5,5,6.8,1,3
"550",37,1,7.1,4.5,1,1,4
"551",4,6.9,5,5,6.3,3,1
"552",15,6.3,3.6,5,5.9,1,2
"553",17,5,1.2,5,1,1,2
"554",22,5,1.9,2.4,1.1,1,3
"555",39,2.2,3.4,2.8,1,1,4
"556",24,3.3,2.5,2.6,7.9,5,3
"557",6,7,6.2,5,6.4,1,1
"558",32,4.2,4.1,3.3,1,1,4
"559",27,5,5,5,5.6,3,3
"560",33,5,4.4,5.7,1,1,4
"561",29,6.1,3.3,3.7,6.2,4,3
"562",11,7.2,4,5.7,7.8,1,2
"563",28,4.5,4.2,4.5,7.7,1,3
"564",20,8,6.4,7.3,9,5,2
"565",7,7.7,7.1,7.2,7.4,5,1
"566",40,4.6,4.6,5.8,1.1,1,4
"567",13,6.2,4.1,5.8,6.5,1,2
"568",38,3.1,5.6,3.8,1,1,4
"569",8,6.8,4.4,5.4,6.5,4,1
"570",3,8.1,6.1,7.3,8.5,5,1
"571",34,4.6,5,5,3,1,4
"572",9,7.9,5.9,6.8,9,5,1
"573",10,4.3,5,5.7,4,1,1
"574",18,3.6,2.2,1.8,8.9,4,2
"575",30,3,1.4,4.7,5,1,3
"576",7,4.9,1,9,1,1,1
"577",10,5,2.9,9,1,1,1
"578",21,3,1,6.7,1,1,3
"579",31,1,5,2.6,1,1,4
"580",32,1,2.9,4.8,1,1,4
"581",13,6.1,4.1,9,5,1,2
"582",14,8,7.1,6.6,9,5,2
"583",23,2.7,3.2,6.7,1,3,3
"584",34,5,1,9,1,1,4
"585",19,5,1,9,2.7,1,2
"586",3,7.1,6,6.6,7,2,1
"587",25,7,3,9,6.7,1,3
"588",26,4.9,1,9,3.1,1,3
"589",28,3.1,1,6.6,1,1,3
"590",39,3.1,1,6.6,1,1,4
"591",2,5,2.9,6.9,2.4,1,1
"592",37,3.1,5,6.9,1,1,4
"593",36,5,3.1,9,1,1,4
"594",33,2.8,1,7.8,1,1,4
"595",6,6.2,6.1,7.7,6,1,1
"596",9,7,6,7.8,7.9,5,1
"597",17,5,1,9,1.7,1,2
"598",27,6,5.8,8.9,6.2,3,3
"599",18,8,6.9,6.7,8.9,5,2
"600",11,6.2,6,7.8,6.9,2,2
"601",1,5,1.2,8.9,2.7,1,1
"602",40,5,1,9,3.2,1,4
"603",12,5,1,9,5.1,1,2
"604",20,7,7,6.7,9,5,2
"605",38,3.1,1,6.9,1,1,4
"606",8,7.1,6,7.1,6.8,2,1
"607",4,5,3.1,8.7,5.1,1,1
"608",15,6.9,6,8.6,7.1,1,2
"609",29,3,6,5.8,7.3,5,3
"610",22,6.8,2.9,7,5.8,1,3
"611",24,4.3,3,6.6,9,5,3
"612",5,5,1.3,8.8,5,2,1
"613",2,9,6.9,3.4,9,5,1
"614",23,2.7,2.2,7.8,1,1,3
"615",1,6.4,2.9,9,3.7,1,1
"616",22,3.8,7.9,1.9,7.3,1,3
"617",25,3.8,3.3,7.4,9,1,3
"618",18,7.2,1.6,9,7.1,4,2
"619",20,6.5,4,7.6,6.2,1,2
"620",27,5,2.6,8.5,5,1,3
"621",30,3.5,2.1,9,2,3,3
"622",17,5.8,1.9,9,6,1,2
"623",24,1.5,7.2,2.7,9,4,3
"624",15,6.9,3.9,7.3,6.4,1,2
"625",36,2.8,1.9,8.9,1.8,1,4
"626",21,3.1,2,9,4,1,3
"627",38,3.8,1.7,8.8,2.9,1,4
"628",14,8.7,7,2.8,9,4,2
"629",12,7,6,5.3,7.3,1,2
"630",34,4.1,2.3,9,1,1,4
"631",5,7.9,7.2,3.3,9,4,1
"632",31,3.1,4,8,5.7,1,4
"633",13,7.1,5.7,4.4,7.5,1,2
"634",26,3.1,2.1,8.2,3,1,3
"635",10,3.6,3.2,7.9,3.2,1,1
"636",29,3.6,3.9,7.6,7.2,3,3
"637",4,6.6,3.5,7.8,6.4,1,1
"638",37,3,2,9,1,1,4
"639",39,3.1,1.7,8.9,1.7,1,4
"640",33,4.6,1,9,1,1,4
"641",11,7.3,4.4,6.3,7.1,1,2
"642",32,6.3,6,6.7,5.7,5,4
"643",28,4,3.5,7.2,6.2,1,3
"644",6,8.5,7.3,3.2,9,4,1
"645",8,7.1,5.9,3.6,9,1,1
"646",19,6.9,3.8,6.2,5.7,1,2
"647",9,7,6.6,3.7,8.9,4,1
"648",40,4.2,1.9,8.3,1.9,1,4
"649",7,8.2,8.1,1.4,9,4,1
"650",3,6.9,6.6,4.1,7.5,1,1
"651",22,6,2.5,7.1,6.9,2,3
"652",28,6.3,2.3,6.8,6.2,2,3
"653",24,5.9,3.5,6.7,3.1,4,3
"654",23,5.3,2.7,7,3.5,3,3
"655",19,6.5,2.9,6.7,6.8,4,2
"656",32,6,3.5,6.8,5.7,3,4
"657",33,6.8,3.7,6.7,6.9,3,4
"658",27,4,3.1,6.3,3.1,3,3
"659",29,5.8,2.4,7.3,5.8,3,3
"660",8,6.8,2.6,6.9,6.2,5,1
"661",26,7.1,1.5,6.2,7.6,2,3
"662",39,6.7,3.7,6.7,6.9,3,4
"663",9,7.3,3.2,6.2,8.4,5,1
"664",21,5,3,6.7,5.1,2,3
"665",4,5.9,3,6.3,6.6,5,1
"666",14,6,2.4,6.3,5.7,4,2
"667",10,7.4,4.6,5.9,8.4,4,1
"668",13,6.6,2,6.8,7,2,2
"669",34,3,3.9,6.2,1.9,2,4
"670",38,6.4,3,6.9,6.9,2,4
"671",40,6.6,3,7,7,3,4
"672",11,7,2.8,6.6,6.6,2,2
"673",36,6.9,3.7,6.6,7.7,4,4
"674",1,5.6,2.8,6.7,4.9,4,1
"675",37,3.6,4.5,5.8,3,3,4
"676",15,5.6,2.9,6.8,6.4,2,2
"677",25,5,2.6,6.9,4.4,2,3
"678",17,6.4,2.4,7.2,6.7,3,2
"679",6,6.9,3.4,6.5,6.8,4,1
"680",31,5.2,3,6.8,4.4,2,4
"681",5,5.2,4,5.3,7.2,4,1
"682",3,6.5,2.6,6.4,6.9,4,1
"683",20,5,2.5,6.8,3.7,2,2
"684",12,6.8,2.3,6.9,7.1,2,2
"685",18,7.5,1.7,6.7,8.3,5,2
"686",2,7.3,3.5,6.7,8,5,1
"687",30,5.4,2.9,6.8,6.7,3,3
"688",7,6.6,2.9,6.6,7.5,5,1
"689",25,4.5,5.6,5.3,4.2,2,3
"690",23,5,5,9,1,1,3
"691",19,7.8,6,6,8,5,2
"692",27,4.9,5.9,5.4,3.7,1,3
"693",36,3.8,6.9,3.1,1,1,4
"694",15,8.6,2.7,6.6,7.3,5,2
"695",4,8.2,8.2,6,8.6,5,1
"696",11,9,6,7.9,9,2,2
"697",9,8.4,5.9,5.2,9,5,1
"698",20,8.7,5.4,6.7,9,2,2
"699",30,2.9,3.4,4,7.1,4,3
"700",13,8,5.1,4.9,9,2,2
"701",3,8,6.9,3.4,9,5,1
"702",8,7.6,6.8,3.2,9,5,1
"703",31,4,4.3,6.7,1,1,4
"704",12,7.1,3.5,7.9,7.4,2,2
"705",28,5,2.5,8,2,1,3
"706",26,5,2.1,7.9,3.3,1,3
"707",33,1.8,7.4,3.8,1,1,4
"708",34,5.7,8.2,2.1,6.1,1,4
"709",39,1.7,6,6.9,1,1,4
"710",6,6.6,7.2,2.9,6.9,1,1
"711",32,4.7,4.3,6.7,2.3,1,4
"712",38,2,4.8,6.2,1,1,4
"713",21,5,1.8,8.4,3.1,1,3
"714",24,2.8,3.7,3.3,6.7,5,3
"715",22,6.4,3.1,3.6,6.6,1,3
"716",29,3,6.1,3.3,6.8,5,3
"717",5,7.9,8,2.5,8.6,5,1
"718",18,9,3.5,6.3,9,5,2
"719",2,5,6.6,4.1,3.8,1,1
"720",10,3.7,7,4.1,2,1,1
"721",17,5,2.7,8.4,5,1,2
"722",37,3.1,6.5,3.4,1,1,4
"723",7,9,8.4,1.9,8.7,5,1
"724",40,2,6.5,3.6,1,1,4
"725",14,8.3,3.7,5.5,7.8,5,2
"726",1,7.2,6.8,3.7,7.4,5,1
"727",36,4.1,2.9,5.8,2,2,4
"728",23,3.8,3.5,3.5,1.9,1,3
"729",28,3.3,2.5,2.5,2.7,1,3
"730",33,5,3,5.9,5,2,4
"731",30,2.2,2.8,2,1,3,3
"732",29,5,5,6.6,6.9,5,3
"733",32,3.2,3.3,5,1,1,4
"734",19,9,5,5,9,5,2
"735",2,6.7,2.9,5,6.5,1,1
"736",8,7.1,3.1,5,8.9,4,1
"737",37,1.9,5.9,6.2,1,1,4
"738",3,7.4,6.2,5.9,8.9,5,1
"739",11,8.3,4.2,5,9,1,2
"740",1,7.3,2.7,5,7.6,5,1
"741",13,6.4,2.2,5,6.5,1,2
"742",6,5,5,5,7,1,1
"743",10,5,5,5,5,1,1
"744",15,6.3,2.6,5,6.8,1,2
"745",34,3.3,4.1,5,2.5,1,4
"746",18,7.3,5,5,7.8,5,2
"747",7,5.6,5,5,6.4,5,1
"748",27,6.3,3.9,5,6.8,2,3
"749",22,6.5,4.1,5,6.3,1,3
"750",20,6.3,3.8,4.2,5.6,2,2
"751",17,6.5,5,5,6.4,3,2
"752",40,5,3.4,5,3.6,1,4
"753",25,5,2.9,5,5,1,3
"754",31,4.2,3.8,5.9,1.9,1,4
"755",21,4.5,2.7,5,3.5,1,3
"756",12,6.2,2.4,5,6.7,1,2
"757",39,4,5,5,2.1,1,4
"758",24,3.9,3.2,5,5.7,4,3
"759",5,6.1,5,6.1,7,4,1
"760",26,5,2.4,5,3.4,1,3
"761",14,6.7,3.5,4.3,6.4,5,2
"762",38,3.3,5,4,2.3,1,4
"763",9,6.7,5,5,7.4,4,1
"764",4,7.1,5.5,5,7.3,5,1
"765",11,7.5,6.4,3.8,7.4,1,2
"766",36,3.9,7,3.9,4.8,1,4
"767",38,2.7,6.4,2.5,2.2,1,4
"768",28,5,2.2,8.3,3.6,1,3
"769",21,5,1,7.7,5,1,3
"770",40,5.9,3.9,6.6,6.4,1,4
"771",20,7.9,6.4,3.6,9,5,2
"772",19,7.3,6,6.4,7.1,1,2
"773",13,8.3,3.8,3.7,8.3,1,2
"774",37,1,7.2,1.9,1,1,4
"775",1,7.7,7.6,2.9,8.3,5,1
"776",14,7.9,3.5,6.7,9,5,2
"777",22,5.7,1.8,6.5,4.8,1,3
"778",6,6,6.6,7,5.7,4,1
"779",3,7.3,6,7.1,9,5,1
"780",2,6,3.6,7,6.1,3,1
"781",26,5.1,1,6.7,6,1,3
"782",33,4.9,3.2,7.5,3.2,1,4
"783",25,4.2,1,6.5,6,5,3
"784",39,3.2,3.4,6.9,1.7,1,4
"785",29,6.2,3,6.7,9,4,3
"786",24,3.6,3.1,8.2,7.5,5,3
"787",12,7.1,2,6.7,9,1,2
"788",27,6.9,1,6.8,7.1,3,3
"789",23,3.4,6,3.7,4,1,3
"790",32,2.1,6,2.9,1.2,2,4
"791",4,6.6,6,7.8,7.8,4,1
"792",18,7.4,2.1,6.8,7.7,5,2
"793",8,8.2,6.6,3.2,8.3,5,1
"794",5,7.7,6.8,2.4,8.1,5,1
"795",34,3.2,6.7,3.2,2.4,1,4
"796",15,6.9,1,3.7,7.5,1,2
"797",17,5,1.7,7.8,3.5,1,2
"798",10,3.5,6.1,4,2.7,1,1
"799",31,2.5,2.5,5.7,1,1,4
"800",7,5.1,3.3,7.4,2.5,2,1
"801",30,3.1,7.1,3.1,1,4,3
"802",9,7.3,5.8,6.5,9,5,1
"803",38,1,9,1,1,1,4
"804",17,5,1,9,4.9,1,2
"805",2,7,6.1,8.3,7.9,4,1
"806",24,4.3,1,6.7,6.9,4,3
"807",14,8.2,1,9,9,5,2
"808",6,4.1,6.2,6.9,2.8,1,1
"809",12,9,1,9,9,1,2
"810",3,9,6.3,9,9,5,1
"811",33,1,9,2.2,1,1,4
"812",15,5.7,3.1,6.6,6.4,1,2
"813",22,7.8,2.1,9,8.3,1,3
"814",7,5,5,8.1,5.1,4,1
"815",13,6.9,1,9,7,1,2
"816",29,2.2,6.4,2.7,8,5,3
"817",20,9,2.7,1,9,5,2
"818",5,5,2.2,9,5,3,1
"819",39,1,9,1,1,1,4
"820",32,1,6.4,3.8,3.2,1,4
"821",4,8.3,7.1,7.5,7.1,3,1
"822",40,2.8,5.7,3.7,2.7,1,4
"823",28,3.4,1.6,7.9,5.4,1,3
"824",27,6.8,1,8.9,7.7,1,3
"825",36,2,7.2,4,2.4,1,4
"826",11,9,1.3,9,9,1,2
"827",34,2.6,7.2,3.1,3.8,1,4
"828",26,8.7,1,9,8.2,1,3
"829",23,2.9,5,5.2,1,1,3
"830",10,3.3,6.8,4.1,1.4,1,1
"831",37,1,8.5,1,1,1,4
"832",19,6.2,3.8,7.8,7,4,2
"833",31,1.7,8.8,1.9,1,1,4
"834",21,3.3,1,7.3,4.9,1,3
"835",30,3.2,6,4.3,4,2,3
"836",25,4.3,1,8.9,6.4,4,3
"837",8,6.8,5.2,8.7,5.9,4,1
"838",1,7.6,6.7,6,7,4,1
"839",18,9,1.2,9,8.1,4,2
"840",9,7.9,4.5,8.4,7.2,3,1
"841",25,4.8,1,8.2,5,1,3
"842",18,6.7,5.9,7,5.8,3,2
"843",6,8.6,5.9,5.1,8.4,4,1
"844",26,5,1.9,7.7,4.2,1,3
"845",23,4.3,4.4,6.7,4.1,1,3
"846",22,4.2,5.7,4.5,5.6,1,3
"847",20,8.5,5.9,4.1,9,5,2
"848",38,2.7,7,3.7,1.4,1,4
"849",24,2.5,6.6,3.9,6.8,4,3
"850",4,8.1,4.9,5.9,7.4,3,1
"851",8,7.7,5.9,4.6,9,5,1
"852",32,1.4,8.1,3.1,1,1,4
"853",21,3.5,5.3,5.3,2.1,1,3
"854",17,5.1,1.5,8.3,4.7,1,2
"855",14,6.9,4.1,5.7,7.3,4,2
"856",7,5,6.2,3.6,4.8,3,1
"857",12,8.6,7.3,3.8,8.7,1,2
"858",31,1,6.8,2.4,1,1,4
"859",9,9,6.7,4.3,9,3,1
"860",28,3.6,3.6,5.6,5,2,3
"861",39,1.6,7.6,4.2,1,1,4
"862",19,6,3.1,7.2,5.1,3,2
"863",10,2.6,6,4.4,3.2,1,1
"864",15,5,2,8.5,2.1,1,2
"865",33,4.6,4.3,7.1,3.4,1,4
"866",3,6.9,4.9,6.4,6.4,2,1
"867",37,1,8.2,2.2,1,1,4
"868",13,8.1,6,2.2,7.7,1,2
"869",2,9,8.5,3.4,9,5,1
"870",34,5,4,8.3,3.3,1,4
"871",36,3.3,5.7,5.8,1,1,4
"872",30,1,8.3,3.2,1,1,3
"873",11,8.3,5.6,6,7.2,2,2
"874",1,7.6,5.4,4.9,7.3,4,1
"875",29,5,4,6.6,5,3,3
"876",40,4.6,4.6,6.2,3.5,1,4
"877",27,5,3.2,6,5,1,3
"878",5,8.7,5.3,8.7,7.9,4,1
"879",23,3.2,4,6.6,5.9,4,3
"880",11,8.6,6,4.8,8.8,2,2
"881",12,7.4,2.7,7.4,7,3,2
"882",14,8.2,6.4,3.7,8.2,5,2
"883",10,3.9,7.1,3.8,4,1,1
"884",30,2.6,6.4,2.7,6.3,5,3
"885",2,6,2.1,7.7,6.3,4,1
"886",20,5.9,3.1,6.8,5,4,2
"887",6,6.6,4.2,6.3,7.1,2,1
"888",15,6.6,2.3,7.8,7.2,1,2
"889",7,7.3,6.6,4.4,7.4,5,1
"890",40,6.1,7,3.6,5.9,2,4
"891",33,3.9,5.9,4.2,4.1,1,4
"892",3,7.9,6.3,4.2,8.1,5,1
"893",31,3.8,5.3,6.2,4.2,1,4
"894",34,2.8,7.3,3.2,4.5,1,4
"895",17,5,2.9,8.1,6,2,2
"896",37,2.7,5.8,3.1,4,1,4
"897",39,3.5,5.1,6.2,4.8,1,4
"898",18,8.4,3.8,6.7,8.7,5,2
"899",9,8.2,6.5,3.9,8.7,5,1
"900",26,4.6,2.1,8.3,6.7,2,3
"901",28,4.3,2.8,6.7,6.2,4,3
"902",24,4,3.2,6,6.6,5,3
"903",38,4.4,5.9,5.9,4.5,1,4
"904",32,3.9,6,6.7,4.7,2,4
"905",25,4.5,3.4,7.7,6.2,2,3
"906",5,6.3,5.3,5.7,6.7,5,1
"907",4,7.1,6.7,5.5,7.4,5,1
"908",22,5.6,3.3,7,6.7,2,3
"909",21,4.5,3.5,7.8,5.7,2,3
"910",36,3.8,6.1,4.2,6,2,4
"911",29,5.7,2.4,6.9,6.5,4,3
"912",1,7.9,6.5,3.6,8.2,5,1
"913",27,5.4,3.8,8.2,6.7,4,3
"914",8,7.5,6.8,3.9,8,5,1
"915",13,7.6,3.7,3.1,7.6,2,2
"916",19,8.4,7,3.2,8.1,5,2
"917",22,5.6,1,7.7,4.2,1,3
"918",27,7.7,6.5,3.7,8.1,1,3
"919",17,5,1,9,1,1,2
"920",24,2,7.4,1.9,8,4,3
"921",28,4.6,2.9,8,6.4,1,3
"922",23,4.7,1.8,9,3.8,1,3
"923",40,6.3,6.4,3.8,6.8,1,4
"924",9,8.2,7.4,2.9,9,5,1
"925",12,6.6,2.9,6.8,7.4,1,2
"926",1,6.8,3.6,8,7.7,5,1
"927",38,2.9,5.7,2.5,2.2,1,4
"928",31,2.9,7.5,1.7,6.9,1,4
"929",30,3.3,3.8,3.5,6.8,2,3
"930",25,2.8,6.8,2.7,6.6,1,3
"931",20,6.8,5.8,3.8,8.2,4,2
"932",29,4.5,4.1,9,6.7,3,3
"933",39,5.1,3.9,7.7,2.6,1,4
"934",34,6.1,6.5,3.6,7,1,4
"935",10,4.4,5.8,6,4.8,1,1
"936",11,8.3,7,3.7,8.6,1,2
"937",7,7.9,6.9,1.9,9,5,1
"938",4,7.2,5.9,7,7.4,5,1
"939",21,5,1.7,8.7,5,1,3
"940",15,6.9,2.8,7.6,7,1,2
"941",32,5,2.9,7.6,5,1,4
"942",2,6.4,4,7.8,6.4,2,1
"943",19,7.3,5.4,3.3,7.9,4,2
"944",14,7.8,6.6,2.4,9,5,2
"945",6,9,3.2,2.8,9,1,1
"946",13,5.5,1.5,9,5,1,2
"947",37,4.4,3.1,7.8,4.1,1,4
"948",26,5,1.7,8.4,5,1,3
"949",36,4.3,4,6.5,2.8,1,4
"950",8,7.7,2.8,2.5,9,5,1
"951",33,3.9,4.6,8.3,3.7,1,4
"952",18,8.4,5.4,3.4,8.6,5,2
"953",5,5.7,2.1,8.8,6.5,3,1
"954",3,6,6,3.6,7.4,5,1
"955",20,8.5,4.3,6,7.7,1,2
"956",34,2.1,6,4.2,1.5,1,4
"957",7,3.4,4.4,5.7,2.9,3,1
"958",37,1.6,6.5,3,1,1,4
"959",32,2.9,6.8,3.4,1.5,1,4
"960",30,3.1,4,6.4,8,3,3
"961",31,5,6.1,5,6.2,1,4
"962",21,4.1,3,7,4.6,1,3
"963",36,3.9,5.4,4.8,2.7,1,4
"964",28,5,2,7.8,6.4,1,3
"965",23,4.7,2.2,6.1,5.4,1,3
"966",39,3,4.5,8.6,2.2,1,4
"967",18,7,3.7,4.2,7.7,5,2
"968",1,5.9,5.8,3.9,5.3,4,1
"969",25,6,2.5,4.4,6.4,1,3
"970",27,7.2,3.4,3.4,7.1,1,3
"971",26,4.6,3.2,7.7,5.3,1,3
"972",33,4.6,6.1,6,4,1,4
"973",2,4.2,5.1,7.4,4.4,2,1
"974",10,5,5,8.4,4.4,1,1
"975",9,7.2,5.8,2,8.1,5,1
"976",13,6.5,3.6,4,7.5,2,2
"977",24,4.3,2.4,7.3,6.3,1,3
"978",4,5.8,6.1,3.6,6,3,1
"979",29,4.6,5.2,3.7,8.4,5,3
"980",38,2.3,5.8,7.5,2,1,4
"981",6,5.8,5,4.9,5.3,1,1
"982",22,4.7,3.6,6.6,4.6,1,3
"983",8,7.1,5.8,3.8,6.7,5,1
"984",15,6.8,3.6,5,5,1,2
"985",5,5,6.1,4.2,5.6,3,1
"986",17,7,3.1,7.1,5.9,1,2
"987",12,8.1,5.9,2.9,6.8,1,2
"988",11,8.6,6,2,7.9,1,2
"989",40,5,6.2,3.5,3.9,1,4
"990",19,7.1,6.2,3.1,6.5,4,2
"991",3,8,6.5,2.8,8.2,5,1
"992",14,8.2,6.6,1,9,5,2
"993",40,5,3.2,5.6,1,2,4
"994",29,6.6,6.4,4.3,9,5,3
"995",38,3.8,5,6.7,1,1,4
"996",18,7.6,5.9,4.5,8.9,5,2
"997",7,6,3.5,6.8,5.5,5,1
"998",34,5,5,6.4,1.7,1,4
"999",1,5,3,7.1,5,1,1
"1000",27,6,5,5.5,7.3,3,3
"1001",19,6.4,4,6.6,6.2,1,2
"1002",28,3.3,5,5.4,7.2,5,3
"1003",2,7.6,5.4,4.5,7,5,1
"1004",13,6.3,3.9,4,8.1,1,2
"1005",6,4,5.6,4.5,5,2,1
"1006",36,1.2,6.9,2.5,2.5,1,4
"1007",33,4.4,4.4,5.6,3.3,1,4
"1008",22,5,5.9,5.2,6.2,1,3
"1009",20,6.9,4.3,5.6,6.9,2,2
"1010",10,4.3,5.8,5.5,5,1,1
"1011",26,6.2,4.1,6.3,7.1,1,3
"1012",25,2.5,6.1,3.7,9,1,3
"1013",12,7.7,5,5,9,1,2
"1014",30,1.8,6.1,3.7,6.5,3,3
"1015",23,3,5.7,4.3,5,3,3
"1016",15,5,3,7,3.6,1,2
"1017",8,7.3,4.6,5.7,8.3,4,1
"1018",37,2.1,6.3,3.2,1,1,4
"1019",21,6,3.9,5.7,6.7,3,3
"1020",3,5,2.2,7.5,5,1,1
"1021",11,5.8,3.4,6.6,5.9,1,2
"1022",32,4.2,5,4.6,2.3,1,4
"1023",4,6.4,5,5.7,6.6,1,1
"1024",24,5,4.2,6.3,7.1,5,3
"1025",31,4.1,4.2,7.3,1,1,4
"1026",5,6.9,5,5.9,8,5,1
"1027",39,5,3.1,6.9,1,1,4
"1028",17,5,1.9,7.9,5,1,2
"1029",9,9,5,4.6,9,5,1
"1030",14,7.4,3.8,6.3,8.9,1,2
"1031",39,3.1,3.2,8.7,1,3,4
"1032",4,5,5,6.8,5,1,1
"1033",8,7.1,7.1,2.9,9,1,1
"1034",18,5,3.2,9,5.2,1,2
"1035",19,5,4.9,8.8,4.9,1,2
"1036",36,3.1,3.9,8.8,1,1,4
"1037",12,7.1,7,4.7,9,1,2
"1038",26,7.1,5,6.9,9,1,3
"1039",20,9,9,1,9,5,2
"1040",38,5,5,9,5,1,4
"1041",23,5,5,8.9,5,1,3
"1042",29,7.1,7,2.8,9,1,3
"1043",11,5,5,8.9,5,1,2
"1044",28,7.2,7,2.9,9,1,3
"1045",33,3.1,5.2,9,1,1,4
"1046",14,5,5,9,5,1,2
"1047",31,3.2,5,9,5,1,4
"1048",3,5,5,8.9,5,1,1
"1049",15,7,7,3.1,9,1,2
"1050",10,7,6.9,2.7,9,1,1
"1051",2,7,6.9,2.8,9,1,1
"1052",9,7.1,7.1,2.7,9,1,1
"1053",30,7,7.2,2.9,9,1,3
"1054",37,1,9,2.8,1,2,4
"1055",40,5.1,5,9,1,1,4
"1056",32,5.1,5,9,1,1,4
"1057",7,5,5.7,9,1,1,1
"1058",34,5,5,8.7,1,1,4
"1059",17,5,5,9,5,1,2
"1060",25,7.1,7.2,2.9,9,1,3
"1061",22,5,5.1,9,5,1,3
"1062",6,7.1,7,3.7,9,1,1
"1063",13,6.9,7,2.6,9,1,2
"1064",27,5,5,9,5,1,3
"1065",24,7.7,7.6,2.7,9,1,3
"1066",21,5,5,9,1,1,3
"1067",5,6.7,7.3,3.1,9,1,1
"1068",1,7.1,7,3.2,9,1,1
"1069",32,4.4,5.7,9,4.5,1,4
"1070",3,7,4.5,7.8,6.9,1,1
"1071",6,7,6.1,7.5,6.7,1,1
"1072",37,8.8,6.6,7.7,7.5,1,4
"1073",30,6.7,4.5,7.8,3.3,1,3
"1074",22,5.2,2.3,8.2,3.4,1,3
"1075",14,5,2.4,6.7,6,2,2
"1076",12,8.2,4.5,6.1,7.1,1,2
"1077",19,7.6,6.1,7.4,6.3,1,2
"1078",36,6.1,5.2,6.8,5.4,1,4
"1079",33,5.1,2.4,7.4,1.8,1,4
"1080",38,5.3,4.9,7.7,4.1,1,4
"1081",2,8.7,6.7,5.1,7.5,3,1
"1082",4,5.1,7,4.5,7.2,2,1
"1083",40,5.2,3.2,7.6,3.4,1,4
"1084",1,5,2.7,7.2,4.2,1,1
"1085",24,6.3,5.2,4.8,8,5,3
"1086",13,5,2.6,7.5,6.4,4,2
"1087",15,6.1,3.7,7.4,5.3,1,2
"1088",8,7.4,3.4,6.2,6.9,1,1
"1089",28,5.6,6.8,7.9,7.9,5,3
"1090",39,5,4.4,8.2,1.8,1,4
"1091",10,5,3.5,7.8,1.5,1,1
"1092",7,9,6.9,4.1,7.8,1,1
"1093",23,5,3.3,8.5,3.1,1,3
"1094",31,5,2.3,8,2.3,1,4
"1095",5,5,6.4,4.1,6.3,2,1
"1096",34,5.3,6.6,4.4,6.4,1,4
"1097",26,5.1,1.6,8.6,3.6,1,3
"1098",20,5.8,2.6,5.7,6.9,5,2
"1099",9,6.9,4.7,6.3,6.5,1,1
"1100",21,5,1.6,9,4,1,3
"1101",27,6.4,4.3,7.1,4,1,3
"1102",29,4.9,5.9,6.3,7.5,5,3
"1103",18,7,2.8,8.1,6.2,1,2
"1104",17,6,3.5,7.9,5.3,1,2
"1105",25,5,1.9,8.9,6,1,3
"1106",11,5.1,3.7,8.3,6.6,1,2
"1107",11,7.2,4,6.7,7.4,2,2
"1108",17,4,4,7.6,2.8,1,2
"1109",30,2,4.4,7.6,7,5,3
"1110",25,6.1,4,7.7,6.5,1,3
"1111",38,1,6,4,1,1,4
"1112",13,7.9,4.5,6.9,7.3,1,2
"1113",32,3.9,6.3,7.7,2.1,1,4
"1114",7,6,6,6.9,5,1,1
"1115",36,2.9,7.4,4.7,2.9,2,4
"1116",31,2.3,6.2,4.5,1,1,4
"1117",6,5.9,4.3,7.5,6.2,1,1
"1118",20,8.1,6,7.8,8,1,2
"1119",1,6.5,6.9,6.7,6.6,1,1
"1120",10,3,6.9,7.7,3.4,1,1
"1121",3,7.1,6.2,7.2,7.6,2,1
"1122",37,3,6.5,4.5,1,1,4
"1123",26,3,3.6,6.6,6.5,1,3
"1124",28,3.3,3.2,6.7,6.6,1,3
"1125",24,3.6,6.4,6.9,6.4,1,3
"1126",12,7,6.2,8.1,7.4,1,2
"1127",29,3.9,3.2,7.1,3,1,3
"1128",40,3.9,7.9,3.8,2.5,1,4
"1129",39,2.9,8.5,1.5,1.2,1,4
"1130",8,7,6.8,7.4,6.5,1,1
"1131",23,3.1,3,7.6,4.1,1,3
"1132",33,3.8,6.7,4.4,2.5,1,4
"1133",18,6.9,2.9,7.6,8.3,1,2
"1134",2,4.2,6.1,7.6,2.5,5,1
"1135",9,6,5.9,6.8,3.4,1,1
"1136",34,4,8.1,2,2.6,1,4
"1137",21,2.8,2.2,6.3,3.2,1,3
"1138",27,6,4.1,7,7.5,1,3
"1139",14,7.8,4.7,7.7,9,1,2
"1140",15,6.6,3.2,7.1,6.9,1,2
"1141",22,4.2,4.1,4.1,3.6,1,3
"1142",4,6.1,6.1,3.9,6.2,1,1
"1143",19,7.1,5.8,7.7,9,1,2
"1144",5,3.9,6.1,4.7,4,2,1
"1145",33,5,1,9,1,1,4
"1146",17,5,1,9,5,1,2
"1147",26,5,1,9,5,1,3
"1148",34,5,1,9,1,1,4
"1149",11,5,1,9,5,1,2
"1150",2,5,1,9,5,1,1
"1151",36,5,1,9,5,1,4
"1152",14,6.9,1,9,9,5,2
"1153",23,5,1,9,5,1,3
"1154",27,5,1,9,5,1,3
"1155",6,5,1,9,5,1,1
"1156",20,7.1,1,9,9,5,2
"1157",12,5,5,9,5,1,2
"1158",40,5,1,9,5,1,4
"1159",10,5,2.3,7.6,5,1,1
"1160",25,5,3.1,7.1,5,1,3
"1161",3,5,2,7,5,1,1
"1162",29,5,5,5,5,1,3
"1163",28,5,5,7,5,1,3
"1164",7,5,5,7.6,5,1,1
"1165",39,4,3.5,9,1,1,4
"1166",13,5,5,6.7,5,1,2
"1167",9,5,5,7.9,5,1,1
"1168",22,5,1,9,5,1,3
"1169",37,1,5,6.8,1,1,4
"1170",31,3.6,5,6.9,1,1,4
"1171",21,5,1,9,5,1,3
"1172",15,5,1,9,5,1,2
"1173",1,5,1,9,5,1,1
"1174",19,5,1,9,6.1,1,2
"1175",4,5,1,9,1,1,1
"1176",38,1,1,9,1,1,4
"1177",24,5,1,9,9,5,3
"1178",32,3.7,1,9,1,1,4
"1179",8,5,5,9,5,1,1
"1180",30,4,2.8,9,1,1,3
"1181",18,6.2,1,9,9,3,2
"1182",5,5,5,6.9,5,1,1
"1183",8,8.3,5.3,4.1,8.8,4,1
"1184",34,2.4,9,2.2,1,1,4
"1185",29,1.6,4.9,2.3,6.6,5,3
"1186",9,9,6.5,1.5,9,5,1
"1187",36,1.4,7.3,3.3,1.8,1,4
"1188",1,7.9,5.3,4,7.8,4,1
"1189",14,7.9,3.1,6.3,8.1,4,2
"1190",6,5.2,6.5,4.2,5.9,1,1
"1191",39,1.5,8.8,1.7,1,1,4
"1192",27,3.7,3.1,7.4,3.9,1,3
"1193",31,1,5.6,4,1.4,1,4
"1194",2,6.3,4,6.9,5.5,2,1
"1195",4,8.2,6.1,4.1,8,4,1
"1196",12,9,1.6,5.6,9,1,2
"1197",13,9,4,5.4,9,2,2
"1198",30,1.1,4.3,1.4,3.5,2,3
"1199",23,1.3,5.4,1.2,1.7,1,3
"1200",19,7.4,2.7,6.7,7.4,4,2
"1201",25,4.6,2.9,7.8,3.8,1,3
"1202",21,1.3,4.1,2.3,6.7,1,3
"1203",33,3.1,8.3,3.8,1.4,1,4
"1204",18,9,4.3,3.5,8.6,4,2
"1205",10,2.6,6.2,3.1,2.2,1,1
"1206",24,1.1,4.1,4.6,3.2,4,3
"1207",15,5.1,2.4,7.3,4.3,1,2
"1208",3,5.9,4.9,4,7.1,4,1
"1209",37,1,9,1,1,1,4
"1210",20,7.4,4.2,6.5,5,1,2
"1211",26,4.8,2.2,7.4,4.9,1,3
"1212",28,1.3,4.2,3.4,2.9,1,3
"1213",7,2.8,5.3,5.7,2.7,2,1
"1214",17,5.1,4.5,7.8,4.5,1,2
"1215",38,1.2,7.1,2.9,1.2,1,4
"1216",40,3.8,6.2,7.5,3.5,1,4
"1217",32,2.6,6.5,4,1.5,1,4
"1218",22,6.3,3.7,6,6.4,1,3
"1219",11,8.6,3.2,3.1,8.9,1,2
"1220",5,6.5,6.9,3.8,7.4,4,1
"1221",39,2.1,8,2.8,1,2,4
"1222",13,7.9,2.3,7.5,6.9,2,2
"1223",12,8,2.1,7.7,7.6,2,2
"1224",20,9,1,9,9,5,2
"1225",36,4,6.7,3.7,3.3,2,4
"1226",33,3.5,6.6,4.3,3.5,2,4
"1227",4,9,7.6,9,9,5,1
"1228",27,6.2,1,9,5.8,4,3
"1229",2,6,6,7.7,4.1,2,1
"1230",21,3.7,4,7.6,3.4,2,3
"1231",7,7.9,7,7.7,9,5,1
"1232",26,4,2.4,7.7,8.9,5,3
"1233",30,1.9,6,2.7,7.1,5,3
"1234",23,2.6,2.9,6.7,7.4,5,3
"1235",18,7.3,1,9,9,5,2
"1236",19,9,7.3,7.4,8.9,5,2
"1237",8,7.9,6.8,7.2,9,5,1
"1238",6,7.9,7.1,6.6,7.8,5,1
"1239",14,9,2.4,9,8.9,5,2
"1240",1,7.3,7,7.2,9,5,1
"1241",34,4.1,6,3.8,3.4,2,4
"1242",31,1,5.5,2.7,1,2,4
"1243",32,2.2,5.4,3.8,1,5,4
"1244",37,1.5,7.5,1.8,1,2,4
"1245",27,6,2.1,1.8,9,3,3
"1246",31,1,3.2,4.1,1,1,4
"1247",19,8,5.1,4.3,8.1,2,2
"1248",1,7.9,5.6,6.2,6.1,1,1
"1249",29,3.1,4.1,2.3,6.7,4,3
"1250",22,2.6,2.3,5,3.5,1,3
"1251",9,7,7.3,3.7,7.8,2,1
"1252",39,1,7.2,1.7,1,1,4
"1253",24,1,6.3,1,9,5,3
"1254",6,9,7.9,3.7,9,1,1
"1255",7,6.9,6.9,4.2,5,1,1
"1256",5,5,5,9,2.9,1,1
"1257",4,6,6,5.7,4,1,1
"1258",23,2.5,4.4,3,3.8,2,3
"1259",36,3,7.2,3.8,4.7,1,4
"1260",30,3.6,3.7,2.3,6.4,2,3
"1261",25,3.7,1.4,2.3,6.9,1,3
"1262",34,4,8.3,3.6,3.3,1,4
"1263",3,7.8,8.3,3.3,8.1,3,1
"1264",14,9,1,2.8,9,3,2
"1265",13,6.9,1.5,4,7,1,2
"1266",8,5.7,5.7,7.2,4.9,1,1
"1267",12,5,4,4.7,5,1,2
"1268",21,2.7,2.6,3.3,3.5,1,3
"1269",15,6,3,4.4,6.6,1,2
"1270",2,5,6.1,6.1,3.5,1,1
"1271",20,9,7.1,1.7,9,5,2
"1272",38,3.1,7.4,9,1,1,4
"1273",17,5,4,5,1,1,2
"1274",10,5,5.9,6.5,3.1,1,1
"1275",28,4,2.1,3.8,3.2,1,3
"1276",18,9,1,1,9,5,2
"1277",32,3.4,5.5,6.9,2.8,1,4
"1278",37,1,6.6,2.7,1,1,4
"1279",40,3.3,5.9,6.6,2.2,1,4
"1280",26,3.5,3.4,5,5,1,3
"1281",33,5,5.5,6.9,3.6,1,4
"1282",11,9,7.1,1.7,9,1,2
"1283",31,1.7,6.4,6.7,1.7,1,4
"1284",34,3.3,6,6.8,2.7,1,4
"1285",7,7.8,6.7,6.4,8.1,1,1
"1286",29,3.9,6,6.4,3.7,1,3
"1287",14,5.7,5,6.6,6.6,1,2
"1288",28,4.1,3.5,7.5,6.3,1,3
"1289",5,5.8,6.6,6.7,3.8,1,1
"1290",17,5.8,6.1,7.7,5.8,1,2
"1291",6,7.2,7,6.9,7.4,1,1
"1292",38,1.5,6.1,4.1,1.3,1,4
"1293",4,7.1,7.1,6.7,6.7,1,1
"1294",32,3.3,5.6,6.3,2.4,1,4
"1295",8,7.3,6.1,6.5,7.5,1,1
"1296",25,5.3,3,6.5,6,1,3
"1297",13,7.4,4.1,6.8,6.6,1,2
"1298",39,2.9,7.6,4.2,3.2,1,4
"1299",27,6.4,6,6.1,5.9,3,3
"1300",33,4,6.7,6.3,4.2,1,4
"1301",26,6.3,2.3,5.7,5.9,1,3
"1302",23,3.3,6.3,3.8,3.6,3,3
"1303",21,3.5,4.1,6,3.7,1,3
"1304",2,6.3,7.1,6.4,6.3,4,1
"1305",1,7,7.1,6.5,7.1,1,1
"1306",20,8.2,7.9,3.4,8.3,5,2
"1307",37,1.8,6.5,4,1.3,1,4
"1308",18,6.3,4.6,6.5,6.4,1,2
"1309",40,3.5,6.4,6.4,3.5,1,4
"1310",10,4.3,6.4,4,4.1,1,1
"1311",12,7.3,6.6,6.6,7.4,2,2
"1312",36,4,6.2,3.9,6,4,4
"1313",9,6.4,6.1,6.1,5.7,1,1
"1314",11,7.1,6.3,6.2,7.3,2,2
"1315",15,6.2,3,5.7,6.4,2,2
"1316",19,6.9,6.5,6.6,7,1,2
"1317",24,3.5,5.7,6.7,6.7,1,3
"1318",30,2.8,5.5,3.1,6.3,5,3
"1319",22,4.3,4.3,4.4,5,1,3
"1320",3,7.6,5.9,5.7,7.3,3,1
"1321",33,1.5,8.3,2.8,1.6,1,4
"1322",23,4.4,4.3,8,3.8,1,3
"1323",9,6.8,6,5.8,8.1,5,1
"1324",39,2.1,6.8,4.1,1.6,1,4
"1325",5,6.8,7.5,7.9,7.5,4,1
"1326",11,7.4,5.4,8.3,6.6,3,2
"1327",1,6.7,3.9,8.2,6.3,5,1
"1328",31,2.8,4.5,6.5,2.2,1,4
"1329",37,2.3,5.7,3.8,1.8,1,4
"1330",24,3,3.3,7.7,5.9,4,3
"1331",8,7.1,5.8,7.8,7,5,1
"1332",4,7.4,5.8,7.6,7.1,5,1
"1333",28,3.5,2.8,8.4,2.9,1,3
"1334",12,5.8,2.9,7.5,5.8,1,2
"1335",13,6.4,3.2,7.9,6.1,1,2
"1336",30,3.1,3.5,7,4.1,1,3
"1337",25,3.7,2.2,7.5,3.4,1,3
"1338",40,2.7,6.9,3.9,3.1,1,4
"1339",10,5.8,4.5,6.7,5.7,1,1
"1340",21,3,3.2,3.6,3.5,1,3
"1341",22,3.6,2.4,6.8,3.1,1,3
"1342",14,8.3,5.9,8.4,8,5,2
"1343",34,3.2,7,2.7,3,1,4
"1344",32,2.3,6.2,3.3,1.5,1,4
"1345",18,6.8,3.4,7.3,7.4,5,2
"1346",6,7.3,6.6,7.1,7.4,1,1
"1347",2,2.8,6.2,3,3.3,1,1
"1348",38,2.5,7.5,2,1.3,1,4
"1349",29,2.5,2.4,1.7,6.7,1,3
"1350",27,6.4,2.1,6.9,6.3,2,3
"1351",3,7,7.2,3,7.8,5,1
"1352",15,5,1.8,7.5,4,1,2
"1353",36,2.5,7.1,1.7,2.7,1,4
"1354",17,5,2.1,7.4,2.4,1,2
"1355",19,7.3,6,7.1,7.5,5,2
"1356",26,4.2,1.5,6.8,3.5,1,3
"1357",20,7.7,6.1,3.4,8,5,2
"1358",7,3.2,6.3,3.2,2.4,4,1
"1359",9,5.5,5.1,5.7,6.9,1,1
"1360",24,8.7,4.9,6.5,9,5,3
"1361",36,2.9,7.1,8.9,1,1,4
"1362",12,7,4.9,4.5,7,3,2
"1363",6,5,4.9,4.6,1,5,1
"1364",25,7.1,3.1,4.5,6.9,5,3
"1365",19,8.9,7.1,6.8,9,5,2
"1366",21,1.3,1.1,2.5,1,1,3
"1367",2,1,7.1,6.8,1,1,1
"1368",8,5.2,3.1,2.6,5.1,3,1
"1369",4,3,6.1,6.6,1,1,1
"1370",29,4.9,1.2,2.4,6.8,5,3
"1371",37,1,7,8.9,1,1,4
"1372",17,5,1.3,1.3,4.8,1,2
"1373",18,8.6,3.1,2.7,9,5,2
"1374",33,1,9,9,1,1,4
"1375",27,5.9,1.3,2.8,6.9,5,3
"1376",7,5.2,3.8,4.6,5.1,5,1
"1377",31,1,6,6.9,1,5,4
"1378",26,5,1.3,2.4,4.1,1,3
"1379",23,4.7,3.1,5.8,5.2,5,3
"1380",39,1,9,9,1,1,4
"1381",14,7,4.2,2.8,9,5,2
"1382",13,6.9,1.3,2.8,5,3,2
"1383",34,2.7,7,6.7,1.4,2,4
"1384",32,1,9,9,1,5,4
"1385",15,4.8,1,1,2.4,1,2
"1386",10,3.9,5,4.6,2.4,1,1
"1387",28,4.9,1,1.2,2.4,1,3
"1388",40,1,8.8,6.8,1,1,4
"1389",38,1.2,7.1,6.8,1,1,4
"1390",1,3,5.1,5,1.6,5,1
"1391",20,7,4.2,6.5,9,5,2
"1392",11,7.1,5.1,5.7,7.5,5,2
"1393",22,5,1,1,1.4,3,3
"1394",5,4,4.6,5.7,1,5,1
"1395",30,5,4.5,5,6.4,5,3
"1396",3,4.8,2.7,2.6,2.7,5,1
"1397",6,5,3.1,1.4,2.5,1,1
"1398",36,6.4,5.5,3.4,6.1,1,4
"1399",24,3.1,2.9,7.6,8.9,5,3
"1400",5,5.1,6,6.5,7.4,1,1
"1401",21,5.1,2,1.2,5.1,1,3
"1402",18,9,6.5,6.6,8.4,5,2
"1403",11,9,7.9,6.1,9,1,2
"1404",8,5.6,6.5,6.7,7.2,1,1
"1405",3,9,4.4,6.2,6.9,1,1
"1406",25,3.1,2,3.7,5,1,3
"1407",29,1.5,8,6.9,9,5,3
"1408",40,5,3.2,2.6,5,1,4
"1409",4,7.9,6.2,3.7,6.3,1,1
"1410",37,1,7.7,7.6,1,1,4
"1411",27,7,6,3.7,8.1,3,3
"1412",14,5,1,3.7,5,1,2
"1413",12,8.2,1.3,4,9,1,2
"1414",31,1.4,1.4,2,1,1,4
"1415",38,1,3.3,5.6,2.5,1,4
"1416",2,7,3.6,3.6,6.1,1,1
"1417",33,2.4,5,3.6,1.6,1,4
"1418",13,5,1,2.2,5,1,2
"1419",32,2.7,3.7,1.9,2.3,1,4
"1420",23,1,5.4,3.5,5,1,3
"1421",39,1,6.3,8.4,1,1,4
"1422",34,8.2,8.3,5.5,8.7,1,4
"1423",30,5.3,6.4,8.1,7.9,4,3
"1424",9,8,2.2,6.6,8.4,3,1
"1425",15,8.4,1,6.7,9,1,2
"1426",19,9,4,7,9,3,2
"1427",7,9,8.2,6.8,9,4,1
"1428",26,5,1.3,4,6.2,1,3
"1429",10,7.3,2.1,5.6,8.5,1,1
"1430",22,7.2,1.5,5.8,6.9,1,3
"1431",20,7.3,2,8,9,5,2
"1432",28,3.2,2.1,7.2,8,1,3
"1433",17,5,1,1,3.3,1,2
"1434",1,9,6.6,3.7,9,1,1
"1435",5,7.9,6.6,9,7,5,1
"1436",28,3.5,2.6,9,1.9,1,3
"1437",26,3.8,2.5,9,1.3,1,3
"1438",18,9,6.4,6.5,9,5,2
"1439",3,9,6.4,6.7,9,5,1
"1440",10,5,5.4,8.5,3.7,1,1
"1441",15,6.1,3.4,7,3.7,2,2
"1442",29,4,3.6,8.4,5,3,3
"1443",1,7,6.4,7.3,6.1,4,1
"1444",17,7.9,1.4,5.1,7.7,5,2
"1445",30,1.5,5.6,3.8,1.7,1,3
"1446",34,5.9,7.2,4.3,4.5,5,4
"1447",39,2.6,4.4,8.6,1,2,4
"1448",12,6.9,2.5,8.1,6.2,1,2
"1449",38,3.5,4.6,5.9,1,1,4
"1450",24,4,3.6,3.2,4.1,2,3
"1451",23,2.7,3.2,9,2,1,3
"1452",8,6.1,5,7.7,5.8,4,1
"1453",9,6.3,5.6,7.4,6.9,4,1
"1454",11,7.7,3.6,6.8,7.3,1,2
"1455",2,5,2.9,9,3.4,1,1
"1456",21,3.8,4,8.2,3,1,3
"1457",37,1.8,5.5,7.3,1,1,4
"1458",4,8,7.2,7.9,7.9,4,1
"1459",20,7.9,4,7.5,7.4,3,2
"1460",13,6.7,2.9,8.1,5.8,4,2
"1461",31,3,3.1,8.2,1,1,4
"1462",27,5,3.2,9,3.7,1,3
"1463",32,3.1,5,7.1,1,1,4
"1464",33,2.7,4.5,8.7,1,1,4
"1465",22,4.1,4,9,2,1,3
"1466",40,2.9,3.7,9,1,1,4
"1467",7,6.8,6.9,7.8,7.3,5,1
"1468",25,4.9,2.7,9,4.1,1,3
"1469",6,5.9,4.7,9,3.4,1,1
"1470",36,2.8,4.1,9,1,1,4
"1471",14,6.9,3.6,7,6.6,5,2
"1472",19,8.2,6.5,7.3,8.2,5,2
"1473",13,6.9,3,6.8,8.1,4,2
"1474",19,8.4,3.7,5.8,8.4,5,2
"1475",34,3.7,5.6,4,4.2,2,4
"1476",33,3.7,6.5,3.8,3,2,4
"1477",9,8,3.8,6.8,7.7,5,1
"1478",39,1.4,6.4,3,1,1,4
"1479",38,1,6,3.7,1,1,4
"1480",10,3.5,3.6,6.5,3.5,1,1
"1481",6,2.1,2.9,5.7,1,5,1
"1482",29,4.2,2,7.4,5.4,4,3
"1483",3,6.7,3,7.3,5.9,4,1
"1484",17,5,2.3,6.9,5,3,2
"1485",28,5.6,1.9,4.2,7.4,5,3
"1486",24,6.1,3,4.6,7.2,5,3
"1487",36,1.8,6.5,4.1,1,1,4
"1488",22,7.1,2.8,7.3,7.7,4,3
"1489",4,7.8,4.1,7.2,7.8,5,1
"1490",37,1,5.5,2.8,1,1,4
"1491",23,3,3.1,3.6,3.6,2,3
"1492",32,3.1,5.5,3.6,1,1,4
"1493",26,7,2.3,6.9,7.7,4,3
"1494",14,8.3,2.3,6.8,9,5,2
"1495",12,8.4,1.4,5.5,9,5,2
"1496",8,8.4,3.7,5.2,8.2,5,1
"1497",1,8.7,3.1,5.2,9,5,1
"1498",25,5,1.5,7.5,6.7,3,3
"1499",27,5.7,2,7,6.6,3,3
"1500",15,6.8,1.7,6.6,7.7,3,2
"1501",21,5,1.3,6.1,6.2,3,3
"1502",40,2.1,4,6.7,1,1,4
"1503",2,2.6,5.8,6.2,1,1,1
"1504",5,6.4,3.2,6.4,7,4,1
"1505",11,8,2.5,6.7,9,5,2
"1506",18,7.8,1.2,6.8,8.3,5,2
"1507",31,1.3,5.6,6,1,1,4
"1508",30,1.2,1.1,1.6,1,5,3
"1509",20,6.6,1.4,7.9,7.4,4,2
"1510",7,1,1.1,8.5,1,5,1
"1511",39,4,7.5,4.8,2,1,4
"1512",8,5.9,3.5,9,5.1,5,1
"1513",31,5,5.9,9,4.4,1,4
"1514",11,6.4,3,9,6.8,2,2
"1515",32,3.9,4.2,7.1,4.3,1,4
"1516",27,5,2.4,8.9,5.6,2,3
"1517",10,6.2,6.6,9,7.3,3,1
"1518",37,3.9,5.5,6.7,2,1,4
"1519",22,5,2.1,9,6.1,1,3
"1520",38,4,5.5,8.5,3.6,1,4
"1521",23,3.9,3.2,9,6.1,1,3
"1522",29,4.4,3.1,9,5,1,3
"1523",28,5.5,2.1,9,7.8,2,3
"1524",26,7,1.3,9,7.4,1,3
"1525",36,3.6,6.7,8.5,3.8,1,4
"1526",30,5.2,1.5,9,9,4,3
"1527",13,7.3,3.4,9,7.7,1,2
"1528",9,7.3,6.8,9,9,5,1
"1529",17,6.7,2.3,9,8,2,2
"1530",40,3.8,5.7,9,3.6,1,4
"1531",19,7.6,5.8,9,9,5,2
"1532",21,3.9,6.5,7.6,5.8,2,3
"1533",4,6.7,5.9,9,6,1,1
"1534",24,6.4,6.4,9,7.4,5,3
"1535",7,6.4,6.2,9,8,5,1
"1536",15,6.5,2.7,9,6.6,1,2
"1537",34,4.4,6.9,9,5.5,3,4
"1538",5,6.4,6.2,9,9,5,1
"1539",14,8,3.6,9,9,5,2
"1540",25,6.1,3.8,9,9,3,3
"1541",18,6.6,3.2,9,7.7,5,2
"1542",12,6.8,1.8,8.9,8.3,2,2
"1543",33,4.4,5.9,8.5,3.6,1,4
"1544",2,6.9,6.7,9,9,5,1
"1545",20,6.7,5.9,9,9,5,2
"1546",3,7.6,6,9,9,5,1
"1547",6,7.6,5.6,9,9,5,1
"1548",1,6.5,5.4,9,9,5,1
"1549",8,7.2,6,3.9,7.1,5,1
"1550",28,4,2.6,7.7,3.8,1,3
"1551",15,5.9,2.8,7.5,5.8,1,2
"1552",30,2.4,4.1,5.6,6.8,3,3
"1553",10,7.6,7.6,3.4,9,5,1
"1554",39,1.5,7.9,2.3,3,1,4
"1555",32,3.2,6,5.7,6.5,2,4
"1556",26,7,1.8,6,6.7,1,3
"1557",1,8.1,5.4,6.6,8,5,1
"1558",37,1,7.5,1.9,1,1,4
"1559",29,9,3.3,5,3.5,1,3
"1560",23,2.2,3.2,3.8,3.9,2,3
"1561",31,3.9,2.9,8.6,2,1,4
"1562",36,4.5,2.4,9,1.1,1,4
"1563",34,2.7,2.3,9,2.9,1,4
"1564",18,7.2,4.4,4.5,7.8,5,2
"1565",33,3.5,5.5,6.8,2.4,1,4
"1566",38,2.2,3.1,4.1,1.6,1,4
"1567",14,7.4,5.7,3.7,7.7,5,2
"1568",22,5.5,3.1,7.6,5.9,1,3
"1569",19,8,3.3,3.3,6.9,5,2
"1570",25,5,3,9,3.3,1,3
"1571",2,8.9,5.8,3.8,8.7,5,1
"1572",13,7.3,4,2.8,7,1,2
"1573",20,7.8,6.9,3.3,6.5,3,2
"1574",11,8.3,6.2,3.8,6.8,4,2
"1575",6,6.8,6.5,5.6,7.5,4,1
"1576",17,4.3,2.5,6.7,6.6,3,2
"1577",3,6,5,7.4,6.5,5,1
"1578",27,5,2.5,8.6,3.6,2,3
"1579",4,7.9,7.5,3.8,7.7,5,1
"1580",12,6.3,3,5,5.8,1,2
"1581",21,5,4.1,5,3.6,1,3
"1582",40,2.9,6.1,4.2,2.7,1,4
"1583",9,6.7,4,6.7,7.2,5,1
"1584",7,7.1,7.6,3.3,7.5,5,1
"1585",24,3.8,2.9,6.3,4.1,5,3
"1586",5,7.7,7,5,6.8,5,1
"1587",7,7.2,6.4,9,7.2,5,1
"1588",17,5,3.2,9,3.4,1,2
"1589",34,4.3,5.8,7.5,2.3,1,4
"1590",30,3.4,1.8,3.2,4.1,3,3
"1591",14,7.5,6.9,5.9,8.1,5,2
"1592",11,7.4,5.8,5.1,6.1,1,2
"1593",6,5.8,5.7,9,5.1,1,1
"1594",40,5,5.4,5,3.4,1,4
"1595",36,2.8,5,5,1,1,4
"1596",31,3.4,5.9,3.9,1,1,4
"1597",19,7.4,6.2,4.9,7.3,5,2
"1598",15,4.4,3.6,5,3.2,1,2
"1599",10,5.7,4.9,5.1,6.7,1,1
"1600",1,5.1,5.3,9,3.1,1,1
"1601",24,4.1,8.8,2.6,8.2,5,3
"1602",9,8,6.9,3.3,9,5,1
"1603",29,4.1,3.5,9,7.1,5,3
"1604",28,4.5,1,4.3,9,1,3
"1605",20,6.8,3.5,9,5.5,3,2
"1606",39,1,9,2,1,1,4
"1607",26,6.3,1.9,3.4,5.6,1,3
"1608",23,2.8,6.9,4.5,1,1,3
"1609",21,3.7,2.6,9,1,1,3
"1610",4,7.8,6.8,8.4,9,5,1
"1611",13,5.6,2.6,4.2,7.8,1,2
"1612",5,7.7,6.2,3.9,8.4,5,1
"1613",38,1,7.2,1,1,1,4
"1614",33,2.9,5.8,3.8,1,1,4
"1615",18,7.6,3.4,9,7.6,5,2
"1616",3,7.7,6.6,4.3,9,5,1
"1617",2,3.8,5.9,8.7,2.5,4,1
"1618",12,9,2.3,3,7.3,1,2
"1619",27,5.4,2.5,6.2,5,3,3
"1620",37,1,9,1,1,1,4
"1621",22,5.2,3.5,7.6,3.1,1,3
"1622",32,1,6.6,2.3,1,1,4
"1623",25,6.1,2.3,3.7,4.2,1,3
"1624",8,9,7.6,3.4,9,5,1
"1625",12,7.4,5.8,5.5,8.2,2,2
"1626",27,4.8,4.2,7.9,4,2,3
"1627",31,4.2,6.1,7.4,6.5,2,4
"1628",10,7,8,3,8.4,5,1
"1629",9,7.6,6,3.7,7.8,5,1
"1630",21,3.3,2.2,4.8,2.7,3,3
"1631",19,8.3,7.9,3.5,7.9,5,2
"1632",40,3.7,3.3,7.7,3.5,2,4
"1633",28,4.1,3.1,7,3.7,2,3
"1634",13,7,5.7,6.6,7.2,4,2
"1635",39,4.3,3.4,7,3.2,2,4
"1636",26,3.7,2.7,6.8,3.2,2,3
"1637",2,6.9,5.7,4.1,7,4,1
"1638",24,4.1,3.5,4.1,6.1,3,3
"1639",32,3.2,3.5,6.1,3.5,4,4
"1640",18,7.7,4.1,3.6,8.4,5,2
"1641",7,8.1,7.8,3.1,7.6,5,1
"1642",25,3.9,3.5,6.6,5.7,2,3
"1643",37,3.3,3.2,7.1,2.8,3,4
"1644",11,8,6.9,3.6,7.7,3,2
"1645",30,2.8,4.3,6.1,5.8,5,3
"1646",14,7.9,7.2,3.3,8.1,5,2
"1647",23,2.7,3,6.6,3.6,1,3
"1648",20,4.5,4.1,7.2,2.6,2,2
"1649",3,6.9,6.6,3.8,6.9,5,1
"1650",8,8.1,7.6,2.9,8,5,1
"1651",17,4.5,6.3,6.8,6.4,3,2
"1652",34,3.2,5.3,5.6,3.2,2,4
"1653",29,3.8,5.3,4.1,2.4,3,3
"1654",38,3,3.7,5.7,3.3,1,4
"1655",36,2.8,6.5,3.7,2.1,2,4
"1656",6,8.5,8.3,2.1,8.5,5,1
"1657",22,3.9,3.2,5.8,5.2,1,3
"1658",5,8.9,8.8,1.8,8.8,5,1
"1659",15,4.4,1.9,7.4,2.8,2,2
"1660",33,3.8,3.6,7.5,3,2,4
"1661",1,8.8,8.2,2.3,8.6,5,1
"1662",4,7.8,3.6,4.1,6.5,5,1
"1663",4,7.9,6.2,8.3,8.1,5,1
"1664",14,8.3,4.3,6.7,7.3,5,2
"1665",17,6.8,4.1,7.7,6.5,4,2
"1666",30,2,8.1,1.8,2.5,2,3
"1667",10,3.9,6,3.6,3.2,1,1
"1668",21,5,5,3.9,4.2,1,3
"1669",23,3,7,3.4,2.9,1,3
"1670",26,7,2.1,6.7,7.4,1,3
"1671",32,3,5.7,3.5,1.8,1,4
"1672",27,6.2,4.2,8.3,5,2,3
"1673",38,1,8.9,1,1,1,4
"1674",31,1.9,6.9,3.7,1,1,4
"1675",7,7.1,6.7,6.7,6.1,4,1
"1676",37,1,7.9,1,1,1,4
"1677",9,9,6.1,8.5,9,5,1
"1678",19,9,5.8,8.9,8.9,5,2
"1679",34,3.6,7.1,3.5,1.8,1,4
"1680",39,1.1,9,1,1,1,4
"1681",15,6,2.1,7.4,6.7,1,2
"1682",24,7.3,3.6,3.9,8,4,3
"1683",36,3.1,5.7,7,2.5,1,4
"1684",5,8.2,6.1,7.6,8.5,5,1
"1685",18,8.9,6.8,3.7,8,4,2
"1686",40,3.5,6.5,3.8,2.4,1,4
"1687",13,7.1,2.9,6.8,6.7,4,2
"1688",28,6.7,2.4,1.9,8.5,5,3
"1689",2,6.2,6.3,6.5,5.7,2,1
"1690",25,5.9,2.9,8.4,6,1,3
"1691",8,8.1,5.8,3.3,8.4,5,1
"1692",20,6.1,5.8,6.9,6.6,5,2
"1693",33,2.2,7.2,2.7,2.1,1,4
"1694",12,7.8,3.1,7.6,7.6,1,2
"1695",22,5,5,8.4,5.5,1,3
"1696",6,6.7,5.8,6.7,7.6,4,1
"1697",11,8.9,6.9,2.6,8.9,3,2
"1698",1,7.9,7.2,3.6,8.3,5,1
"1699",29,3.1,7,2.5,7,4,3
"1700",3,7,7,6.7,7.1,5,1
"1701",40,2.1,8.1,2.1,1.7,1,4
"1702",19,6.8,5.1,4.8,6.1,4,2
"1703",31,1.2,5.8,3.9,1.4,1,4
"1704",3,5.2,4,8.1,2.9,2,1
"1705",39,1,8,2.7,1,1,4
"1706",11,8.5,6.2,3.8,8.1,1,2
"1707",23,3.2,5,5.8,2.9,2,3
"1708",36,2.5,5.9,3.8,2.7,1,4
"1709",9,8.9,5.1,7.4,8.7,3,1
"1710",14,6,3.1,6.6,6.4,2,2
"1711",34,3.2,5.7,4.7,2.6,1,4
"1712",25,5.8,1.9,5.6,5.5,1,3
"1713",32,3.1,7.3,2.8,1.9,3,4
"1714",20,5,2,8.3,3.4,1,2
"1715",27,8.5,3.4,2.9,9,4,3
"1716",18,8.8,2.6,3.1,9,3,2
"1717",37,1,8.4,1.8,1,1,4
"1718",15,5,3.5,8.3,5.4,1,2
"1719",17,6.8,2.2,6.7,6.1,2,2
"1720",12,7.2,2.3,7.5,6.1,1,2
"1721",24,4.8,5.9,4.6,5.1,1,3
"1722",30,1.4,6,4.2,4.8,3,3
"1723",21,4.6,4.4,4.4,6.1,1,3
"1724",26,7.9,2.2,4.5,8,2,3
"1725",38,1.1,5.5,5.6,1.4,1,4
"1726",2,5,5,5,4.4,1,1
"1727",22,5,4.2,6.1,5,1,3
"1728",29,5.1,3.1,4.7,4.9,2,3
"1729",8,7.5,5,5,6.7,1,1
"1730",28,4.1,3,2.6,5.7,2,3
"1731",6,5.5,5.3,4.7,5.3,2,1
"1732",1,6.9,7.3,4.4,7.1,1,1
"1733",7,5,6.9,4.1,5.6,2,1
"1734",10,4,5.9,3.9,5,1,1
"1735",33,4.2,5.6,4.8,3.3,1,4
"1736",13,6.4,3.1,4.6,6.4,1,2
"1737",4,8.7,8.4,3.8,8.3,4,1
"1738",5,4.6,5.6,3.9,4.8,3,1
"1739",32,3,6,4.3,1,1,4
"1740",14,8.4,3.3,4.6,8.5,1,2
"1741",5,5,4.6,4.7,1,1,1
"1742",20,7.2,5.5,3.9,7.8,2,2
"1743",13,7.7,3.7,3.5,7.2,1,2
"1744",27,5,1.9,5.6,5,1,3
"1745",34,1,6.4,3.2,1,1,4
"1746",2,5,4.3,4.4,3.2,1,1
"1747",37,1,7.8,1.6,1,1,4
"1748",10,5,2.2,7.9,1,1,1
"1749",26,3.2,4.2,3.4,6,1,3
"1750",17,5,2.1,8.4,1.3,1,2
"1751",22,5.5,6.2,4.5,5.5,1,3
"1752",36,3.6,6.7,4.1,1.9,1,4
"1753",38,1.5,6.4,2.9,1,1,4
"1754",23,2.2,5.8,3.4,2.9,1,3
"1755",3,7.2,6.7,3.6,6.9,1,1
"1756",33,4.9,7.2,4.3,1,1,4
"1757",30,1.4,6,2.8,8.4,2,3
"1758",28,5,4.6,7.5,2.6,1,3
"1759",19,5.4,4.1,6.3,5,1,2
"1760",4,5,5.3,7.6,4.4,1,1
"1761",7,6.5,6.4,6.9,6.2,1,1
"1762",31,4,6.7,4.6,4.5,1,4
"1763",6,7.9,7.2,3.6,7.3,1,1
"1764",12,8.7,8.4,2,8.7,1,2
"1765",11,8.3,7.5,3.3,8,1,2
"1766",25,5.5,4.5,4.5,5.5,1,3
"1767",9,7.3,6.6,4.5,6.6,1,1
"1768",40,5,5,8.6,1,1,4
"1769",18,8.7,8.5,1.7,8.6,5,2
"1770",24,3.1,3.6,4,7,1,3
"1771",21,3.1,5.7,3.6,7.7,4,3
"1772",39,1,8.1,6.7,1,1,4
"1773",15,7.3,4.1,4,5.2,1,2
"1774",1,5.6,4.7,7.7,3.5,1,1
"1775",29,4.3,4.8,4.7,4.7,1,3
"1776",8,8.5,4.3,4.7,5.2,1,1
